#
# There is insufficient memory for the Java Runtime Environment to continue.
# Native memory allocation (mmap) failed to map 65536 bytes. Error detail: Failed to commit metaspace.
# Possible reasons:
#   The system is out of physical RAM or swap space
#   This process is running with CompressedOops enabled, and the Java Heap may be blocking the growth of the native heap
# Possible solutions:
#   Reduce memory load on the system
#   Increase physical memory or swap space
#   Check if swap backing store is full
#   Decrease Java heap size (-Xmx/-Xms)
#   Decrease number of Java threads
#   Decrease Java thread stack sizes (-Xss)
#   Set larger code cache with -XX:ReservedCodeCacheSize=
#   JVM is running with Unscaled Compressed Oops mode in which the Java heap is
#     placed in the first 4GB address space. The Java Heap base address is the
#     maximum limit for the native heap growth. Please use -XX:HeapBaseMinAddress
#     to set the Java Heap base and to place the Java Heap above 4GB virtual address.
# This output file may be truncated or incomplete.
#
#  Out of Memory Error (virtualSpaceNode.cpp:110), pid=10236, tid=24396
#
# JRE version: OpenJDK Runtime Environment (17.0.11) (build 17.0.11+0--11852314)
# Java VM: OpenJDK 64-Bit Server VM (17.0.11+0--11852314, mixed mode, tiered, compressed oops, compressed class ptrs, g1 gc, windows-amd64)
# No core dump will be written. Minidumps are not enabled by default on client versions of Windows
#

---------------  S U M M A R Y ------------

Command Line: --add-opens=java.base/java.util=ALL-UNNAMED --add-opens=java.base/java.lang=ALL-UNNAMED --add-opens=java.base/java.lang.invoke=ALL-UNNAMED --add-opens=java.prefs/java.util.prefs=ALL-UNNAMED --add-exports=jdk.compiler/com.sun.tools.javac.api=ALL-UNNAMED --add-exports=jdk.compiler/com.sun.tools.javac.util=ALL-UNNAMED --add-opens=java.base/java.nio.charset=ALL-UNNAMED --add-opens=java.base/java.net=ALL-UNNAMED --add-opens=java.base/java.util.concurrent.atomic=ALL-UNNAMED -Xmx2048m -Dfile.encoding=UTF-8 -Duser.country=AR -Duser.language=es -Duser.variant -javaagent:C:\Users\delfi\.gradle\wrapper\dists\gradle-8.10-bin\deqhafrv1ntovfmgh0nh3npr9\gradle-8.10\lib\agents\gradle-instrumentation-agent-8.10.jar org.gradle.launcher.daemon.bootstrap.GradleDaemon 8.10

Host: Intel(R) Core(TM) i5-8265U CPU @ 1.60GHz, 8 cores, 3G,  Windows 10 , 64 bit Build 19041 (10.0.19041.5198)
Time: Sat Jan 25 12:35:15 2025 Hora estándar de Argentina elapsed time: 39.445047 seconds (0d 0h 0m 39s)

---------------  T H R E A D  ---------------

Current thread (0x0000016c7f5b3b00):  JavaThread "Daemon worker" [_thread_in_vm, id=24396, stack(0x0000002f74e00000,0x0000002f74f00000)]

Stack: [0x0000002f74e00000,0x0000002f74f00000]
Native frames: (J=compiled Java code, j=interpreted, Vv=VM code, C=native code)
V  [jvm.dll+0x687bb9]
V  [jvm.dll+0x84142a]
V  [jvm.dll+0x8430ae]
V  [jvm.dll+0x843713]
V  [jvm.dll+0x24a35f]
V  [jvm.dll+0x83c2bb]
V  [jvm.dll+0x62c046]
V  [jvm.dll+0x62c0aa]
V  [jvm.dll+0x62e8da]
V  [jvm.dll+0x62c9e6]
V  [jvm.dll+0x23df6f]
V  [jvm.dll+0x636875]
V  [jvm.dll+0x1ecefb]
V  [jvm.dll+0x1ed435]
V  [jvm.dll+0x1eddd5]
V  [jvm.dll+0x1e328c]
V  [jvm.dll+0x54c5bc]
V  [jvm.dll+0x1f3e0b]
V  [jvm.dll+0x7b99bb]
V  [jvm.dll+0x7bae29]
V  [jvm.dll+0x7bb178]
V  [jvm.dll+0x241d8e]
V  [jvm.dll+0x241fdf]
V  [jvm.dll+0x56a803]
V  [jvm.dll+0x56cd34]
V  [jvm.dll+0x389f6b]
V  [jvm.dll+0x389a22]
C  0x0000016c6b0489ff

The last pc belongs to getstatic (printed below).
Java frames: (J=compiled Java code, j=interpreted, Vv=VM code)
j  sun.security.ssl.SSLContextImpl.getCustomizedCipherSuites(Ljava/lang/String;)Ljava/util/Collection;+5 java.base@17.0.11
j  sun.security.ssl.SSLContextImpl.<clinit>()V+3 java.base@17.0.11
v  ~StubRoutines::call_stub
J 986  java.lang.Class.forName0(Ljava/lang/String;ZLjava/lang/ClassLoader;Ljava/lang/Class;)Ljava/lang/Class; java.base@17.0.11 (0 bytes) @ 0x0000016c6b629f27 [0x0000016c6b629ea0+0x0000000000000087]
J 3147 c1 java.lang.Class.forName(Ljava/lang/String;)Ljava/lang/Class; java.base@17.0.11 (15 bytes) @ 0x0000016c6413cae4 [0x0000016c6413c9c0+0x0000000000000124]
j  java.security.Provider$Service.getImplClass()Ljava/lang/Class;+64 java.base@17.0.11
j  java.security.Provider$Service.getDefaultConstructor()Ljava/lang/reflect/Constructor;+46 java.base@17.0.11
j  java.security.Provider$Service.newInstanceOf()Ljava/lang/Object;+1 java.base@17.0.11
j  java.security.Provider$Service.newInstanceUtil(Ljava/lang/Class;Ljava/lang/Object;)Ljava/lang/Object;+5 java.base@17.0.11
j  java.security.Provider$Service.newInstance(Ljava/lang/Object;)Ljava/lang/Object;+227 java.base@17.0.11
j  sun.security.jca.GetInstance.getInstance(Ljava/security/Provider$Service;Ljava/lang/Class;)Lsun/security/jca/GetInstance$Instance;+2 java.base@17.0.11
j  sun.security.jca.GetInstance.getInstance(Ljava/lang/String;Ljava/lang/Class;Ljava/lang/String;)Lsun/security/jca/GetInstance$Instance;+56 java.base@17.0.11
j  javax.net.ssl.SSLContext.getInstance(Ljava/lang/String;)Ljavax/net/ssl/SSLContext;+12 java.base@17.0.11
j  org.gradle.internal.resource.transport.http.SystemDefaultSSLContextFactory.create()Ljavax/net/ssl/SSLContext;+2
j  org.gradle.internal.resource.transport.http.DefaultSslContextFactory$SslContextLoader.load(Ljava/util/Map;)Ljavax/net/ssl/SSLContext;+0
j  org.gradle.internal.resource.transport.http.DefaultSslContextFactory$SynchronizedSystemPropertiesCacheLoader.lambda$load$0(Ljava/util/Map;)Ljavax/net/ssl/SSLContext;+1
j  org.gradle.internal.resource.transport.http.DefaultSslContextFactory$SynchronizedSystemPropertiesCacheLoader$$Lambda$1005+0x000000010089bc48.create()Ljava/lang/Object;+4
j  org.gradle.internal.SystemProperties.withSystemProperties(Ljava/util/Map;Lorg/gradle/internal/Factory;)Ljava/lang/Object;+92
j  org.gradle.internal.resource.transport.http.DefaultSslContextFactory$SynchronizedSystemPropertiesCacheLoader.load(Ljava/util/Map;)Ljavax/net/ssl/SSLContext;+10
j  org.gradle.internal.resource.transport.http.DefaultSslContextFactory$SynchronizedSystemPropertiesCacheLoader.load(Ljava/lang/Object;)Ljava/lang/Object;+5
j  com.google.common.cache.LocalCache$LoadingValueReference.loadFuture(Ljava/lang/Object;Lcom/google/common/cache/CacheLoader;)Lcom/google/common/util/concurrent/ListenableFuture;+24
j  com.google.common.cache.LocalCache$Segment.loadSync(Ljava/lang/Object;ILcom/google/common/cache/LocalCache$LoadingValueReference;Lcom/google/common/cache/CacheLoader;)Ljava/lang/Object;+4
j  com.google.common.cache.LocalCache$Segment.lockedGetOrLoad(Ljava/lang/Object;ILcom/google/common/cache/CacheLoader;)Ljava/lang/Object;+393
J 5168 c1 com.google.common.cache.LocalCache$Segment.get(Ljava/lang/Object;ILcom/google/common/cache/CacheLoader;)Ljava/lang/Object; (210 bytes) @ 0x0000016c63d4412c [0x0000016c63d43700+0x0000000000000a2c]
J 5167 c1 com.google.common.cache.LocalCache.get(Ljava/lang/Object;Lcom/google/common/cache/CacheLoader;)Ljava/lang/Object; (21 bytes) @ 0x0000016c63cc8ed4 [0x0000016c63cc8ba0+0x0000000000000334]
j  com.google.common.cache.LocalCache.getOrLoad(Ljava/lang/Object;)Ljava/lang/Object;+6
j  com.google.common.cache.LocalCache$LocalLoadingCache.get(Ljava/lang/Object;)Ljava/lang/Object;+5
j  com.google.common.cache.LocalCache$LocalLoadingCache.getUnchecked(Ljava/lang/Object;)Ljava/lang/Object;+2
j  org.gradle.internal.resource.transport.http.DefaultSslContextFactory.createSslContext()Ljavax/net/ssl/SSLContext;+7
j  org.gradle.internal.resource.transport.http.HttpClientConfigurer.jdkSupportsTLSProtocol(Ljava/lang/String;)Z+9
j  org.gradle.internal.resource.transport.http.HttpClientConfigurer.determineHttpsProtocols()[Ljava/lang/String;+48
j  org.gradle.internal.resource.transport.http.HttpClientConfigurer.<init>(Lorg/gradle/internal/resource/transport/http/HttpSettings;)V+11
j  org.gradle.internal.resource.transport.http.HttpClientHelper.getClient()Lorg/apache/http/impl/client/CloseableHttpClient;+19
j  org.gradle.internal.resource.transport.http.HttpClientHelper.performHttpRequest(Lorg/apache/http/client/methods/HttpRequestBase;Lorg/apache/http/protocol/HttpContext;)Lorg/gradle/internal/resource/transport/http/HttpClientResponse;+31
j  org.gradle.internal.resource.transport.http.HttpClientHelper.performHttpRequest(Lorg/apache/http/client/methods/HttpRequestBase;)Lorg/gradle/internal/resource/transport/http/HttpClientResponse;+16
j  org.gradle.internal.resource.transport.http.HttpClientHelper.executeGetOrHead(Lorg/apache/http/client/methods/HttpRequestBase;)Lorg/gradle/internal/resource/transport/http/HttpClientResponse;+2
j  org.gradle.internal.resource.transport.http.HttpClientHelper.performRequest(Lorg/apache/http/client/methods/HttpRequestBase;Z)Lorg/gradle/internal/resource/transport/http/HttpClientResponse;+19
j  org.gradle.internal.resource.transport.http.HttpClientHelper.performRawHead(Ljava/lang/String;Z)Lorg/gradle/internal/resource/transport/http/HttpClientResponse;+10
j  org.gradle.internal.resource.transport.http.HttpClientHelper.performHead(Ljava/lang/String;Z)Lorg/gradle/internal/resource/transport/http/HttpClientResponse;+4
j  org.gradle.internal.resource.transport.http.HttpResourceAccessor.getMetaData(Lorg/gradle/internal/resource/ExternalResourceName;Z)Lorg/gradle/internal/resource/metadata/ExternalResourceMetaData;+25
j  org.gradle.internal.resource.transfer.DefaultExternalResourceConnector.getMetaData(Lorg/gradle/internal/resource/ExternalResourceName;Z)Lorg/gradle/internal/resource/metadata/ExternalResourceMetaData;+18
j  org.gradle.internal.resource.transfer.ProgressLoggingExternalResourceAccessor$MetadataOperation.call(Lorg/gradle/internal/operations/BuildOperationContext;)Lorg/gradle/internal/resource/metadata/ExternalResourceMetaData;+15
j  org.gradle.internal.resource.transfer.ProgressLoggingExternalResourceAccessor$MetadataOperation.call(Lorg/gradle/internal/operations/BuildOperationContext;)Ljava/lang/Object;+2
j  org.gradle.internal.operations.DefaultBuildOperationRunner$CallableBuildOperationWorker.execute(Lorg/gradle/internal/operations/CallableBuildOperation;Lorg/gradle/internal/operations/BuildOperationContext;)V+3
j  org.gradle.internal.operations.DefaultBuildOperationRunner$CallableBuildOperationWorker.execute(Lorg/gradle/internal/operations/BuildOperation;Lorg/gradle/internal/operations/BuildOperationContext;)V+6
j  org.gradle.internal.operations.DefaultBuildOperationRunner$2.execute(Lorg/gradle/internal/operations/BuildOperationDescriptor;Lorg/gradle/internal/operations/BuildOperationState;Lorg/gradle/internal/operations/BuildOperationState;Lorg/gradle/internal/operations/DefaultBuildOperationRunner$ReadableBuildOperationContext;Lorg/gradle/internal/operations/DefaultBuildOperationRunner$BuildOperationExecutionListener;)Lorg/gradle/internal/operations/BuildOperation;+22
j  org.gradle.internal.operations.DefaultBuildOperationRunner$2.execute(Lorg/gradle/internal/operations/BuildOperationDescriptor;Lorg/gradle/internal/operations/BuildOperationState;Lorg/gradle/internal/operations/BuildOperationState;Lorg/gradle/internal/operations/DefaultBuildOperationRunner$ReadableBuildOperationContext;Lorg/gradle/internal/operations/DefaultBuildOperationRunner$BuildOperationExecutionListener;)Ljava/lang/Object;+8
j  org.gradle.internal.operations.DefaultBuildOperationRunner.execute(Lorg/gradle/internal/operations/BuildOperationDescriptor$Builder;Lorg/gradle/internal/operations/BuildOperationState;Lorg/gradle/internal/operations/DefaultBuildOperationRunner$BuildOperationExecution;)Ljava/lang/Object;+141
j  org.gradle.internal.operations.DefaultBuildOperationRunner.execute(Lorg/gradle/internal/operations/BuildOperation;Lorg/gradle/internal/operations/BuildOperationWorker;Lorg/gradle/internal/operations/BuildOperationState;)V+18
j  org.gradle.internal.operations.DefaultBuildOperationRunner.call(Lorg/gradle/internal/operations/CallableBuildOperation;)Ljava/lang/Object;+16
j  org.gradle.internal.resource.transfer.ProgressLoggingExternalResourceAccessor.getMetaData(Lorg/gradle/internal/resource/ExternalResourceName;Z)Lorg/gradle/internal/resource/metadata/ExternalResourceMetaData;+14
j  org.gradle.internal.resource.transfer.AccessorBackedExternalResource.getMetaData()Lorg/gradle/internal/resource/metadata/ExternalResourceMetaData;+12
j  org.gradle.api.internal.artifacts.repositories.resolver.DefaultExternalResourceArtifactResolver.staticResourceExists(Ljava/util/List;Lorg/gradle/internal/component/external/model/ModuleComponentArtifactMetadata;Lorg/gradle/internal/resolve/result/ResourceAwareResolveResult;)Z+85
j  org.gradle.api.internal.artifacts.repositories.resolver.DefaultExternalResourceArtifactResolver.artifactExists(Lorg/gradle/internal/component/external/model/ModuleComponentArtifactMetadata;Lorg/gradle/internal/resolve/result/ResourceAwareResolveResult;)Z+7
j  org.gradle.api.internal.artifacts.repositories.resolver.ExternalResourceResolver$RemoteRepositoryAccess.resolveArtifact(Lorg/gradle/internal/component/model/ComponentArtifactMetadata;Lorg/gradle/internal/component/model/ModuleSources;Lorg/gradle/internal/resolve/result/BuildableArtifactFileResolveResult;)V+35
j  org.gradle.api.internal.artifacts.ivyservice.ivyresolve.CachingModuleComponentRepository$ResolveAndCacheRepositoryAccess.resolveArtifact(Lorg/gradle/internal/component/model/ComponentArtifactMetadata;Lorg/gradle/internal/component/model/ModuleSources;Lorg/gradle/internal/resolve/result/BuildableArtifactFileResolveResult;)V+15
j  org.gradle.api.internal.artifacts.ivyservice.ivyresolve.ErrorHandlingModuleComponentRepository$ErrorHandlingModuleComponentRepositoryAccess.lambda$resolveArtifact$12(Lorg/gradle/internal/component/model/ComponentArtifactMetadata;Lorg/gradle/internal/component/model/ModuleSources;Lorg/gradle/internal/resolve/result/BuildableArtifactFileResolveResult;)Lorg/gradle/internal/resolve/ArtifactResolveException;+7
j  org.gradle.api.internal.artifacts.ivyservice.ivyresolve.ErrorHandlingModuleComponentRepository$ErrorHandlingModuleComponentRepositoryAccess$$Lambda$998+0x0000000100896228.call()Ljava/lang/Object;+16
j  org.gradle.api.internal.artifacts.ivyservice.ivyresolve.ErrorHandlingModuleComponentRepository$ErrorHandlingModuleComponentRepositoryAccess.tryResolveAndMaybeDisable(Lorg/gradle/internal/resolve/result/ErroringResolveResult;Ljava/util/concurrent/Callable;Lorg/gradle/api/Transformer;)V+25
j  org.gradle.api.internal.artifacts.ivyservice.ivyresolve.ErrorHandlingModuleComponentRepository$ErrorHandlingModuleComponentRepositoryAccess.performOperationWithRetries(Lorg/gradle/internal/resolve/result/ErroringResolveResult;Ljava/util/concurrent/Callable;Lorg/gradle/api/Transformer;Lorg/gradle/api/Transformer;)V+15
j  org.gradle.api.internal.artifacts.ivyservice.ivyresolve.ErrorHandlingModuleComponentRepository$ErrorHandlingModuleComponentRepositoryAccess.resolveArtifact(Lorg/gradle/internal/component/model/ComponentArtifactMetadata;Lorg/gradle/internal/component/model/ModuleSources;Lorg/gradle/internal/resolve/result/BuildableArtifactFileResolveResult;)V+24
j  org.gradle.api.internal.artifacts.ivyservice.ivyresolve.FilteredModuleComponentRepository$FilteringAccess.resolveArtifact(Lorg/gradle/internal/component/model/ComponentArtifactMetadata;Lorg/gradle/internal/component/model/ModuleSources;Lorg/gradle/internal/resolve/result/BuildableArtifactFileResolveResult;)V+7
j  org.gradle.api.internal.artifacts.ivyservice.ivyresolve.RepositoryChainArtifactResolver.resolveArtifactLater(Lorg/gradle/internal/component/model/ComponentArtifactMetadata;Lorg/gradle/internal/component/model/ModuleSources;Lorg/gradle/api/internal/artifacts/ivyservice/ivyresolve/ModuleComponentRepository;)Ljava/io/File;+44
j  org.gradle.api.internal.artifacts.ivyservice.ivyresolve.RepositoryChainArtifactResolver.lambda$resolveArtifact$0(Lorg/gradle/internal/component/model/ComponentArtifactMetadata;Lorg/gradle/internal/component/model/ComponentArtifactResolveMetadata;Lorg/gradle/api/internal/artifacts/ivyservice/ivyresolve/ModuleComponentRepository;)Ljava/io/File;+9
j  org.gradle.api.internal.artifacts.ivyservice.ivyresolve.RepositoryChainArtifactResolver$$Lambda$996+0x00000001008959f0.get()Ljava/lang/Object;+16
j  org.gradle.internal.model.CalculatedValueContainerFactory$SupplierBackedCalculator.calculateValue(Lorg/gradle/api/internal/tasks/NodeExecutionContext;)Ljava/lang/Object;+4
j  org.gradle.internal.model.CalculatedValueContainer$CalculationState.lambda$attachValue$0(Lorg/gradle/api/internal/tasks/NodeExecutionContext;)Ljava/lang/Object;+23
j  org.gradle.internal.model.CalculatedValueContainer$CalculationState$$Lambda$725+0x00000001006ca6a8.call()Ljava/lang/Object;+8
j  org.gradle.internal.Try.ofFailable(Ljava/util/concurrent/Callable;)Lorg/gradle/internal/Try;+1
j  org.gradle.internal.model.CalculatedValueContainer$CalculationState.attachValue(Lorg/gradle/internal/model/CalculatedValueContainer;Lorg/gradle/api/internal/tasks/NodeExecutionContext;)V+29
j  org.gradle.internal.model.CalculatedValueContainer.finalizeIfNotAlready(Lorg/gradle/api/internal/tasks/NodeExecutionContext;)V+13
j  org.gradle.internal.model.CalculatedValueContainer.finalizeIfNotAlready()V+2
j  org.gradle.api.internal.artifacts.DefaultResolvableArtifact.getFile()Ljava/io/File;+4
j  org.gradle.internal.resolve.resolver.DefaultComponentArtifactResolver.resolveArtifacts(Ljava/util/List;)Ljava/util/Set;+75
j  org.gradle.api.internal.artifacts.ivyservice.resolveengine.artifact.ArtifactBackedResolvedVariant.getArtifacts()Lorg/gradle/api/internal/artifacts/ivyservice/resolveengine/artifact/ResolvedArtifactSet;+8
j  org.gradle.api.internal.artifacts.transform.AttributeMatchingArtifactVariantSelector.doSelect(Lorg/gradle/api/internal/artifacts/ivyservice/resolveengine/artifact/ResolvedVariantSet;ZLorg/gradle/api/internal/artifacts/transform/ArtifactVariantSelector$ResolvedArtifactTransformer;Lorg/gradle/internal/component/model/AttributeMatchingExplanationBuilder;Lorg/gradle/api/internal/attributes/ImmutableAttributes;)Lorg/gradle/api/internal/artifacts/ivyservice/resolveengine/artifact/ResolvedArtifactSet;+84
j  org.gradle.api.internal.artifacts.transform.AttributeMatchingArtifactVariantSelector.select(Lorg/gradle/api/internal/artifacts/ivyservice/resolveengine/artifact/ResolvedVariantSet;Lorg/gradle/api/internal/attributes/ImmutableAttributes;ZLorg/gradle/api/internal/artifacts/transform/ArtifactVariantSelector$ResolvedArtifactTransformer;)Lorg/gradle/api/internal/artifacts/ivyservice/resolveengine/artifact/ResolvedArtifactSet;+9
j  org.gradle.api.internal.artifacts.ivyservice.resolveengine.artifact.VariantResolvingArtifactSet.select(Lorg/gradle/api/internal/artifacts/transform/ArtifactVariantSelector;Lorg/gradle/api/internal/artifacts/ivyservice/resolveengine/artifact/ArtifactSelectionSpec;)Lorg/gradle/api/internal/artifacts/ivyservice/resolveengine/artifact/ResolvedArtifactSet;+147
j  org.gradle.api.internal.artifacts.ivyservice.resolveengine.artifact.DefaultVisitedArtifactResults.select(Lorg/gradle/api/internal/artifacts/transform/ArtifactVariantSelector;Lorg/gradle/api/internal/artifacts/ivyservice/resolveengine/artifact/ArtifactSelectionSpec;Z)Lorg/gradle/api/internal/artifacts/ivyservice/resolveengine/artifact/SelectedArtifactResults;+55
j  org.gradle.api.internal.artifacts.ivyservice.resolveengine.artifact.DefaultVisitedArtifactSet.select(Lorg/gradle/api/internal/artifacts/ivyservice/resolveengine/artifact/ArtifactSelectionSpec;)Lorg/gradle/api/internal/artifacts/ivyservice/resolveengine/artifact/SelectedArtifactSet;+10
j  org.gradle.api.internal.artifacts.resolver.DefaultResolutionOutputs$DefaultArtifactView.selectArtifacts(Lorg/gradle/api/internal/artifacts/ResolverResults;)Lorg/gradle/api/internal/artifacts/ivyservice/resolveengine/artifact/SelectedArtifactSet;+53
j  org.gradle.api.internal.artifacts.resolver.DefaultResolutionOutputs$DefaultArtifactView$$Lambda$690+0x00000001006bd280.apply(Ljava/lang/Object;)Ljava/lang/Object;+8
j  org.gradle.api.internal.artifacts.configurations.ResolutionResultProvider$1.getValue()Ljava/lang/Object;+13
j  org.gradle.api.internal.artifacts.configurations.ResolutionBackedFileCollection.getSelectedArtifacts()Lorg/gradle/api/internal/artifacts/ivyservice/resolveengine/artifact/SelectedArtifactSet;+12
j  org.gradle.api.internal.artifacts.configurations.DefaultArtifactCollection.lambda$new$0(ZLorg/gradle/api/internal/artifacts/configurations/ResolutionHost;)Lorg/gradle/api/internal/artifacts/configurations/DefaultArtifactCollection$ArtifactSetResult;+12
j  org.gradle.api.internal.artifacts.configurations.DefaultArtifactCollection$$Lambda$721+0x00000001006c3ae0.get()Ljava/lang/Object;+12
j  org.gradle.internal.model.CalculatedValueContainerFactory$SupplierBackedCalculator.calculateValue(Lorg/gradle/api/internal/tasks/NodeExecutionContext;)Ljava/lang/Object;+4
j  org.gradle.internal.model.CalculatedValueContainer$CalculationState.lambda$attachValue$0(Lorg/gradle/api/internal/tasks/NodeExecutionContext;)Ljava/lang/Object;+23
j  org.gradle.internal.model.CalculatedValueContainer$CalculationState$$Lambda$725+0x00000001006ca6a8.call()Ljava/lang/Object;+8
j  org.gradle.internal.Try.ofFailable(Ljava/util/concurrent/Callable;)Lorg/gradle/internal/Try;+1
j  org.gradle.internal.model.CalculatedValueContainer$CalculationState.attachValue(Lorg/gradle/internal/model/CalculatedValueContainer;Lorg/gradle/api/internal/tasks/NodeExecutionContext;)V+29
j  org.gradle.internal.model.CalculatedValueContainer.finalizeIfNotAlready(Lorg/gradle/api/internal/tasks/NodeExecutionContext;)V+13
j  org.gradle.internal.model.CalculatedValueContainer.finalizeIfNotAlready()V+2
j  org.gradle.api.internal.artifacts.configurations.DefaultArtifactCollection.ensureResolved()V+4
j  org.gradle.api.internal.artifacts.configurations.DefaultArtifactCollection.getFailures()Ljava/util/Collection;+1
j  org.gradle.plugin.use.resolve.internal.ArtifactRepositoriesPluginResolver.exists(Lorg/gradle/api/artifacts/ModuleDependency;)Z+58
j  org.gradle.plugin.use.resolve.internal.ArtifactRepositoriesPluginResolver.resolve(Lorg/gradle/plugin/management/internal/PluginRequestInternal;)Lorg/gradle/plugin/use/resolve/internal/PluginResolutionResult;+49
j  org.gradle.plugin.use.resolve.internal.CompositePluginResolver.resolve(Lorg/gradle/plugin/management/internal/PluginRequestInternal;)Lorg/gradle/plugin/use/resolve/internal/PluginResolutionResult;+37
j  org.gradle.plugin.use.resolve.internal.AlreadyOnClasspathPluginResolver.resolve(Lorg/gradle/plugin/management/internal/PluginRequestInternal;)Lorg/gradle/plugin/use/resolve/internal/PluginResolutionResult;+28
j  org.gradle.plugin.use.internal.DefaultPluginRequestApplicator.resolvePluginRequest(Lorg/gradle/plugin/use/resolve/internal/PluginResolver;Lorg/gradle/plugin/management/internal/PluginRequestInternal;)Lorg/gradle/plugin/use/resolve/internal/PluginResolution;+2
j  org.gradle.plugin.use.internal.DefaultPluginRequestApplicator.applyPlugins(Lorg/gradle/plugin/management/internal/PluginRequests;Lorg/gradle/api/internal/initialization/ScriptHandlerInternal;Lorg/gradle/api/internal/plugins/PluginManagerInternal;Lorg/gradle/api/internal/initialization/ClassLoaderScope;)V+136
j  org.gradle.kotlin.dsl.provider.PluginRequestsHandler.handle(Lorg/gradle/plugin/management/internal/PluginRequests;Lorg/gradle/api/internal/initialization/ScriptHandlerInternal;Lorg/gradle/api/internal/plugins/PluginAwareInternal;Lorg/gradle/api/internal/initialization/ClassLoaderScope;)V+72
j  org.gradle.kotlin.dsl.provider.StandardKotlinScriptEvaluator$InterpreterHost.applyPluginsTo(Lorg/gradle/kotlin/dsl/support/KotlinScriptHost;Lorg/gradle/plugin/management/internal/PluginRequests;)V+52
j  org.gradle.kotlin.dsl.execution.Interpreter$ProgramHost.applyPluginsTo(Lorg/gradle/kotlin/dsl/support/KotlinScriptHost;Lorg/gradle/plugin/management/internal/PluginRequests;)V+21
j  Program.execute(Lorg/gradle/kotlin/dsl/execution/ExecutableProgram$Host;Lorg/gradle/kotlin/dsl/support/KotlinScriptHost;)V+45
j  org.gradle.kotlin.dsl.execution.Interpreter$ProgramHost.eval(Lorg/gradle/kotlin/dsl/execution/CompiledScript;Lorg/gradle/kotlin/dsl/support/KotlinScriptHost;)V+88
j  org.gradle.kotlin.dsl.execution.Interpreter.eval(Ljava/lang/Object;Lorg/gradle/groovy/scripts/ScriptSource;Lorg/gradle/internal/hash/HashCode;Lorg/gradle/api/initialization/dsl/ScriptHandler;Lorg/gradle/api/internal/initialization/ClassLoaderScope;Lorg/gradle/api/internal/initialization/ClassLoaderScope;ZLjava/util/EnumSet;)V+213
j  org.gradle.kotlin.dsl.provider.StandardKotlinScriptEvaluator.evaluate(Ljava/lang/Object;Lorg/gradle/groovy/scripts/ScriptSource;Lorg/gradle/api/initialization/dsl/ScriptHandler;Lorg/gradle/api/internal/initialization/ClassLoaderScope;Lorg/gradle/api/internal/initialization/ClassLoaderScope;ZLjava/util/EnumSet;)V+163
j  org.gradle.kotlin.dsl.provider.KotlinScriptPluginFactory$create$1.invoke(Ljava/lang/Object;)V+41
j  org.gradle.kotlin.dsl.provider.KotlinScriptPluginFactory$create$1.invoke(Ljava/lang/Object;)Ljava/lang/Object;+2
j  org.gradle.kotlin.dsl.provider.KotlinScriptPlugin.apply(Ljava/lang/Object;)V+22
j  org.gradle.configuration.BuildOperationScriptPlugin$1.run(Lorg/gradle/internal/operations/BuildOperationContext;)V+11
j  org.gradle.internal.operations.DefaultBuildOperationRunner$1.execute(Lorg/gradle/internal/operations/RunnableBuildOperation;Lorg/gradle/internal/operations/BuildOperationContext;)V+2
j  org.gradle.internal.operations.DefaultBuildOperationRunner$1.execute(Lorg/gradle/internal/operations/BuildOperation;Lorg/gradle/internal/operations/BuildOperationContext;)V+6
j  org.gradle.internal.operations.DefaultBuildOperationRunner$2.execute(Lorg/gradle/internal/operations/BuildOperationDescriptor;Lorg/gradle/internal/operations/BuildOperationState;Lorg/gradle/internal/operations/BuildOperationState;Lorg/gradle/internal/operations/DefaultBuildOperationRunner$ReadableBuildOperationContext;Lorg/gradle/internal/operations/DefaultBuildOperationRunner$BuildOperationExecutionListener;)Lorg/gradle/internal/operations/BuildOperation;+22
j  org.gradle.internal.operations.DefaultBuildOperationRunner$2.execute(Lorg/gradle/internal/operations/BuildOperationDescriptor;Lorg/gradle/internal/operations/BuildOperationState;Lorg/gradle/internal/operations/BuildOperationState;Lorg/gradle/internal/operations/DefaultBuildOperationRunner$ReadableBuildOperationContext;Lorg/gradle/internal/operations/DefaultBuildOperationRunner$BuildOperationExecutionListener;)Ljava/lang/Object;+8
j  org.gradle.internal.operations.DefaultBuildOperationRunner.execute(Lorg/gradle/internal/operations/BuildOperationDescriptor$Builder;Lorg/gradle/internal/operations/BuildOperationState;Lorg/gradle/internal/operations/DefaultBuildOperationRunner$BuildOperationExecution;)Ljava/lang/Object;+141
j  org.gradle.internal.operations.DefaultBuildOperationRunner.execute(Lorg/gradle/internal/operations/BuildOperation;Lorg/gradle/internal/operations/BuildOperationWorker;Lorg/gradle/internal/operations/BuildOperationState;)V+18
j  org.gradle.internal.operations.DefaultBuildOperationRunner.run(Lorg/gradle/internal/operations/RunnableBuildOperation;)V+9
j  org.gradle.configuration.BuildOperationScriptPlugin.lambda$apply$0(Ljava/lang/Object;Lorg/gradle/internal/code/UserCodeApplicationId;)V+14
j  org.gradle.configuration.BuildOperationScriptPlugin$$Lambda$519+0x00000001005be6e0.execute(Ljava/lang/Object;)V+12
j  org.gradle.internal.code.DefaultUserCodeApplicationContext.apply(Lorg/gradle/internal/code/UserCodeSource;Lorg/gradle/api/Action;)V+37
j  org.gradle.configuration.BuildOperationScriptPlugin.apply(Ljava/lang/Object;)V+71
j  org.gradle.configuration.project.BuildScriptProcessor$$Lambda$908+0x0000000100855a98.accept(Ljava/lang/Object;)V+8
j  org.gradle.api.internal.project.DefaultProjectStateRegistry$ProjectStateImpl.lambda$applyToMutableState$1(Ljava/util/function/Consumer;Lorg/gradle/api/internal/project/ProjectInternal;)Ljava/lang/Object;+2
j  org.gradle.api.internal.project.DefaultProjectStateRegistry$ProjectStateImpl$$Lambda$869+0x00000001007fcc38.apply(Ljava/lang/Object;)Ljava/lang/Object;+8
j  org.gradle.api.internal.project.DefaultProjectStateRegistry$ProjectStateImpl.fromMutableState(Ljava/util/function/Function;)Ljava/lang/Object;+97
j  org.gradle.api.internal.project.DefaultProjectStateRegistry$ProjectStateImpl.applyToMutableState(Ljava/util/function/Consumer;)V+7
j  org.gradle.configuration.project.BuildScriptProcessor.execute(Lorg/gradle/api/internal/project/ProjectInternal;)V+88
j  org.gradle.configuration.project.BuildScriptProcessor.execute(Ljava/lang/Object;)V+5
j  org.gradle.configuration.project.ConfigureActionsProjectEvaluator.evaluate(Lorg/gradle/api/internal/project/ProjectInternal;Lorg/gradle/api/internal/project/ProjectStateInternal;)V+33
j  org.gradle.configuration.project.LifecycleProjectEvaluator$EvaluateProject.lambda$run$0(Lorg/gradle/internal/operations/BuildOperationContext;Lorg/gradle/api/internal/project/ProjectInternal;)V+67
j  org.gradle.configuration.project.LifecycleProjectEvaluator$EvaluateProject$$Lambda$868+0x00000001007fc9e0.accept(Ljava/lang/Object;)V+12
j  org.gradle.api.internal.project.DefaultProjectStateRegistry$ProjectStateImpl.lambda$applyToMutableState$1(Ljava/util/function/Consumer;Lorg/gradle/api/internal/project/ProjectInternal;)Ljava/lang/Object;+2
j  org.gradle.api.internal.project.DefaultProjectStateRegistry$ProjectStateImpl$$Lambda$869+0x00000001007fcc38.apply(Ljava/lang/Object;)Ljava/lang/Object;+8
j  org.gradle.api.internal.project.DefaultProjectStateRegistry$ProjectStateImpl.lambda$fromMutableState$2(Ljava/util/function/Function;)Ljava/lang/Object;+5
j  org.gradle.api.internal.project.DefaultProjectStateRegistry$ProjectStateImpl$$Lambda$870+0x00000001007fcea0.create()Ljava/lang/Object;+8
j  org.gradle.internal.work.DefaultWorkerLeaseService.withReplacedLocks(Ljava/util/Collection;Lorg/gradle/internal/resources/ResourceLock;Lorg/gradle/internal/Factory;)Ljava/lang/Object;+40
j  org.gradle.api.internal.project.DefaultProjectStateRegistry$ProjectStateImpl.fromMutableState(Ljava/util/function/Function;)Ljava/lang/Object;+132
j  org.gradle.api.internal.project.DefaultProjectStateRegistry$ProjectStateImpl.applyToMutableState(Ljava/util/function/Consumer;)V+7
j  org.gradle.configuration.project.LifecycleProjectEvaluator$EvaluateProject.run(Lorg/gradle/internal/operations/BuildOperationContext;)V+16
j  org.gradle.internal.operations.DefaultBuildOperationRunner$1.execute(Lorg/gradle/internal/operations/RunnableBuildOperation;Lorg/gradle/internal/operations/BuildOperationContext;)V+2
j  org.gradle.internal.operations.DefaultBuildOperationRunner$1.execute(Lorg/gradle/internal/operations/BuildOperation;Lorg/gradle/internal/operations/BuildOperationContext;)V+6
j  org.gradle.internal.operations.DefaultBuildOperationRunner$2.execute(Lorg/gradle/internal/operations/BuildOperationDescriptor;Lorg/gradle/internal/operations/BuildOperationState;Lorg/gradle/internal/operations/BuildOperationState;Lorg/gradle/internal/operations/DefaultBuildOperationRunner$ReadableBuildOperationContext;Lorg/gradle/internal/operations/DefaultBuildOperationRunner$BuildOperationExecutionListener;)Lorg/gradle/internal/operations/BuildOperation;+22
j  org.gradle.internal.operations.DefaultBuildOperationRunner$2.execute(Lorg/gradle/internal/operations/BuildOperationDescriptor;Lorg/gradle/internal/operations/BuildOperationState;Lorg/gradle/internal/operations/BuildOperationState;Lorg/gradle/internal/operations/DefaultBuildOperationRunner$ReadableBuildOperationContext;Lorg/gradle/internal/operations/DefaultBuildOperationRunner$BuildOperationExecutionListener;)Ljava/lang/Object;+8
j  org.gradle.internal.operations.DefaultBuildOperationRunner.execute(Lorg/gradle/internal/operations/BuildOperationDescriptor$Builder;Lorg/gradle/internal/operations/BuildOperationState;Lorg/gradle/internal/operations/DefaultBuildOperationRunner$BuildOperationExecution;)Ljava/lang/Object;+141
j  org.gradle.internal.operations.DefaultBuildOperationRunner.execute(Lorg/gradle/internal/operations/BuildOperation;Lorg/gradle/internal/operations/BuildOperationWorker;Lorg/gradle/internal/operations/BuildOperationState;)V+18
j  org.gradle.internal.operations.DefaultBuildOperationRunner.run(Lorg/gradle/internal/operations/RunnableBuildOperation;)V+9
j  org.gradle.configuration.project.LifecycleProjectEvaluator.evaluate(Lorg/gradle/api/internal/project/ProjectInternal;Lorg/gradle/api/internal/project/ProjectStateInternal;)V+42
j  org.gradle.api.internal.project.DefaultProject.evaluate()Lorg/gradle/api/internal/project/DefaultProject;+9
j  org.gradle.api.internal.project.DefaultProject.evaluate()Lorg/gradle/api/Project;+1
j  org.gradle.api.internal.project.ProjectLifecycleController.lambda$ensureSelfConfigured$2()V+4
j  org.gradle.api.internal.project.ProjectLifecycleController$$Lambda$865+0x00000001007fb000.run()V+4
j  org.gradle.internal.model.StateTransitionController.lambda$doTransition$14(Ljava/lang/Runnable;)Lorg/gradle/internal/build/ExecutionResult;+1
j  org.gradle.internal.model.StateTransitionController$$Lambda$312+0x0000000100451de0.get()Ljava/lang/Object;+4
j  org.gradle.internal.model.StateTransitionController.doTransition(Lorg/gradle/internal/model/StateTransitionController$State;Lorg/gradle/internal/model/StateTransitionController$State;Ljava/util/function/Supplier;)Lorg/gradle/internal/build/ExecutionResult;+24
j  org.gradle.internal.model.StateTransitionController.doTransition(Lorg/gradle/internal/model/StateTransitionController$State;Lorg/gradle/internal/model/StateTransitionController$State;Ljava/lang/Runnable;)V+9
j  org.gradle.internal.model.StateTransitionController.lambda$maybeTransitionIfNotCurrentlyTransitioning$10(Lorg/gradle/internal/model/StateTransitionController$State;Lorg/gradle/internal/model/StateTransitionController$State;Ljava/lang/Runnable;)V+16
j  org.gradle.internal.model.StateTransitionController$$Lambda$866+0x00000001007fb248.run()V+16
j  org.gradle.internal.work.DefaultSynchronizer.withLock(Ljava/lang/Runnable;)V+6
j  org.gradle.internal.model.StateTransitionController.maybeTransitionIfNotCurrentlyTransitioning(Lorg/gradle/internal/model/StateTransitionController$State;Lorg/gradle/internal/model/StateTransitionController$State;Ljava/lang/Runnable;)V+13
j  org.gradle.api.internal.project.ProjectLifecycleController.ensureSelfConfigured()V+16
j  org.gradle.api.internal.project.DefaultProjectStateRegistry$ProjectStateImpl.ensureConfigured()V+19
j  org.gradle.execution.TaskPathProjectEvaluator.configure(Lorg/gradle/api/internal/project/ProjectInternal;)V+6
j  org.gradle.execution.TaskPathProjectEvaluator.configureHierarchy(Lorg/gradle/api/internal/project/ProjectInternal;)V+2
j  org.gradle.configuration.DefaultProjectsPreparer.prepareProjects(Lorg/gradle/api/internal/GradleInternal;)V+31
j  org.gradle.configuration.BuildTreePreparingProjectsPreparer.prepareProjects(Lorg/gradle/api/internal/GradleInternal;)V+114
j  org.gradle.configuration.BuildOperationFiringProjectsPreparer$ConfigureBuild.run(Lorg/gradle/internal/operations/BuildOperationContext;)V+11
j  org.gradle.internal.operations.DefaultBuildOperationRunner$1.execute(Lorg/gradle/internal/operations/RunnableBuildOperation;Lorg/gradle/internal/operations/BuildOperationContext;)V+2
j  org.gradle.internal.operations.DefaultBuildOperationRunner$1.execute(Lorg/gradle/internal/operations/BuildOperation;Lorg/gradle/internal/operations/BuildOperationContext;)V+6
j  org.gradle.internal.operations.DefaultBuildOperationRunner$2.execute(Lorg/gradle/internal/operations/BuildOperationDescriptor;Lorg/gradle/internal/operations/BuildOperationState;Lorg/gradle/internal/operations/BuildOperationState;Lorg/gradle/internal/operations/DefaultBuildOperationRunner$ReadableBuildOperationContext;Lorg/gradle/internal/operations/DefaultBuildOperationRunner$BuildOperationExecutionListener;)Lorg/gradle/internal/operations/BuildOperation;+22
j  org.gradle.internal.operations.DefaultBuildOperationRunner$2.execute(Lorg/gradle/internal/operations/BuildOperationDescriptor;Lorg/gradle/internal/operations/BuildOperationState;Lorg/gradle/internal/operations/BuildOperationState;Lorg/gradle/internal/operations/DefaultBuildOperationRunner$ReadableBuildOperationContext;Lorg/gradle/internal/operations/DefaultBuildOperationRunner$BuildOperationExecutionListener;)Ljava/lang/Object;+8
j  org.gradle.internal.operations.DefaultBuildOperationRunner.execute(Lorg/gradle/internal/operations/BuildOperationDescriptor$Builder;Lorg/gradle/internal/operations/BuildOperationState;Lorg/gradle/internal/operations/DefaultBuildOperationRunner$BuildOperationExecution;)Ljava/lang/Object;+141
j  org.gradle.internal.operations.DefaultBuildOperationRunner.execute(Lorg/gradle/internal/operations/BuildOperation;Lorg/gradle/internal/operations/BuildOperationWorker;Lorg/gradle/internal/operations/BuildOperationState;)V+18
j  org.gradle.internal.operations.DefaultBuildOperationRunner.run(Lorg/gradle/internal/operations/RunnableBuildOperation;)V+9
j  org.gradle.configuration.BuildOperationFiringProjectsPreparer.prepareProjects(Lorg/gradle/api/internal/GradleInternal;)V+13
j  org.gradle.initialization.VintageBuildModelController.lambda$prepareProjects$2()V+8
j  org.gradle.initialization.VintageBuildModelController$$Lambda$752+0x000000010075d428.run()V+4
j  org.gradle.internal.model.StateTransitionController.lambda$doTransition$14(Ljava/lang/Runnable;)Lorg/gradle/internal/build/ExecutionResult;+1
j  org.gradle.internal.model.StateTransitionController$$Lambda$312+0x0000000100451de0.get()Ljava/lang/Object;+4
j  org.gradle.internal.model.StateTransitionController.doTransition(Lorg/gradle/internal/model/StateTransitionController$State;Lorg/gradle/internal/model/StateTransitionController$State;Ljava/util/function/Supplier;)Lorg/gradle/internal/build/ExecutionResult;+24
j  org.gradle.internal.model.StateTransitionController.doTransition(Lorg/gradle/internal/model/StateTransitionController$State;Lorg/gradle/internal/model/StateTransitionController$State;Ljava/lang/Runnable;)V+9
j  org.gradle.internal.model.StateTransitionController.lambda$transitionIfNotPreviously$11(Lorg/gradle/internal/model/StateTransitionController$State;Lorg/gradle/internal/model/StateTransitionController$State;Ljava/lang/Runnable;)V+16
j  org.gradle.internal.model.StateTransitionController$$Lambda$314+0x0000000100452270.run()V+16
j  org.gradle.internal.work.DefaultSynchronizer.withLock(Ljava/lang/Runnable;)V+6
j  org.gradle.internal.model.StateTransitionController.transitionIfNotPreviously(Lorg/gradle/internal/model/StateTransitionController$State;Lorg/gradle/internal/model/StateTransitionController$State;Ljava/lang/Runnable;)V+13
j  org.gradle.initialization.VintageBuildModelController.prepareProjects()V+16
j  org.gradle.initialization.VintageBuildModelController.prepareToScheduleTasks()V+5
j  org.gradle.internal.build.DefaultBuildLifecycleController.lambda$prepareToScheduleTasks$6()V+9
j  org.gradle.internal.build.DefaultBuildLifecycleController$$Lambda$310+0x0000000100451950.run()V+4
j  org.gradle.internal.model.StateTransitionController.lambda$doTransition$14(Ljava/lang/Runnable;)Lorg/gradle/internal/build/ExecutionResult;+1
j  org.gradle.internal.model.StateTransitionController$$Lambda$312+0x0000000100451de0.get()Ljava/lang/Object;+4
j  org.gradle.internal.model.StateTransitionController.doTransition(Lorg/gradle/internal/model/StateTransitionController$State;Lorg/gradle/internal/model/StateTransitionController$State;Ljava/util/function/Supplier;)Lorg/gradle/internal/build/ExecutionResult;+24
j  org.gradle.internal.model.StateTransitionController.doTransition(Lorg/gradle/internal/model/StateTransitionController$State;Lorg/gradle/internal/model/StateTransitionController$State;Ljava/lang/Runnable;)V+9
j  org.gradle.internal.model.StateTransitionController.lambda$maybeTransition$9(Lorg/gradle/internal/model/StateTransitionController$State;Lorg/gradle/internal/model/StateTransitionController$State;Ljava/lang/Runnable;)V+16
j  org.gradle.internal.model.StateTransitionController$$Lambda$311+0x0000000100451b98.run()V+16
j  org.gradle.internal.work.DefaultSynchronizer.withLock(Ljava/lang/Runnable;)V+6
j  org.gradle.internal.model.StateTransitionController.maybeTransition(Lorg/gradle/internal/model/StateTransitionController$State;Lorg/gradle/internal/model/StateTransitionController$State;Ljava/lang/Runnable;)V+13
j  org.gradle.internal.build.DefaultBuildLifecycleController.prepareToScheduleTasks()V+16
j  org.gradle.internal.buildtree.DefaultBuildTreeWorkPreparer.scheduleRequestedTasks(Lorg/gradle/internal/buildtree/BuildTreeWorkGraph;Lorg/gradle/execution/EntryTaskSelector;)Lorg/gradle/internal/buildtree/BuildTreeWorkGraph$FinalizedGraph;+4
j  org.gradle.internal.cc.impl.VintageBuildTreeWorkController$scheduleAndRunRequestedTasks$1.apply(Lorg/gradle/internal/buildtree/BuildTreeWorkGraph;)Lorg/gradle/internal/build/ExecutionResult;+18
j  org.gradle.internal.cc.impl.VintageBuildTreeWorkController$scheduleAndRunRequestedTasks$1.apply(Ljava/lang/Object;)Ljava/lang/Object;+5
j  org.gradle.composite.internal.DefaultIncludedBuildTaskGraph.withNewWorkGraph(Ljava/util/function/Function;)Ljava/lang/Object;+30
j  org.gradle.internal.cc.impl.VintageBuildTreeWorkController.scheduleAndRunRequestedTasks(Lorg/gradle/execution/EntryTaskSelector;)Lorg/gradle/internal/build/ExecutionResult;+16
j  org.gradle.internal.buildtree.DefaultBuildTreeLifecycleController.lambda$scheduleAndRunTasks$1(Lorg/gradle/execution/EntryTaskSelector;)Lorg/gradle/internal/build/ExecutionResult;+5
j  org.gradle.internal.buildtree.DefaultBuildTreeLifecycleController$$Lambda$305+0x00000001004509d0.get()Ljava/lang/Object;+8
j  org.gradle.internal.buildtree.DefaultBuildTreeLifecycleController.lambda$runBuild$4(Ljava/util/function/Supplier;)Ljava/lang/Object;+1
j  org.gradle.internal.buildtree.DefaultBuildTreeLifecycleController$$Lambda$306+0x0000000100450c18.get()Ljava/lang/Object;+8
j  org.gradle.internal.model.StateTransitionController.lambda$transition$6(Ljava/util/function/Supplier;)Lorg/gradle/internal/build/ExecutionResult;+1
j  org.gradle.internal.model.StateTransitionController$$Lambda$308+0x00000001004510a8.get()Ljava/lang/Object;+4
j  org.gradle.internal.model.StateTransitionController.doTransition(Lorg/gradle/internal/model/StateTransitionController$State;Lorg/gradle/internal/model/StateTransitionController$State;Ljava/util/function/Supplier;)Lorg/gradle/internal/build/ExecutionResult;+24
j  org.gradle.internal.model.StateTransitionController.lambda$transition$7(Lorg/gradle/internal/model/StateTransitionController$State;Lorg/gradle/internal/model/StateTransitionController$State;Ljava/util/function/Supplier;)Ljava/lang/Object;+9
j  org.gradle.internal.model.StateTransitionController$$Lambda$307+0x0000000100450e60.create()Ljava/lang/Object;+16
j  org.gradle.internal.work.DefaultSynchronizer.withLock(Lorg/gradle/internal/Factory;)Ljava/lang/Object;+6
j  org.gradle.internal.model.StateTransitionController.transition(Lorg/gradle/internal/model/StateTransitionController$State;Lorg/gradle/internal/model/StateTransitionController$State;Ljava/util/function/Supplier;)Ljava/lang/Object;+13
j  org.gradle.internal.buildtree.DefaultBuildTreeLifecycleController.runBuild(Ljava/util/function/Supplier;)Ljava/lang/Object;+17
j  org.gradle.internal.buildtree.DefaultBuildTreeLifecycleController.scheduleAndRunTasks(Lorg/gradle/execution/EntryTaskSelector;)V+8
j  org.gradle.internal.buildtree.DefaultBuildTreeLifecycleController.scheduleAndRunTasks()V+2
j  org.gradle.tooling.internal.provider.runner.BuildModelActionRunner.run(Lorg/gradle/internal/invocation/BuildAction;Lorg/gradle/internal/buildtree/BuildTreeLifecycleController;)Lorg/gradle/internal/buildtree/BuildActionRunner$Result;+65
j  org.gradle.launcher.exec.ChainingBuildActionRunner.run(Lorg/gradle/internal/invocation/BuildAction;Lorg/gradle/internal/buildtree/BuildTreeLifecycleController;)Lorg/gradle/internal/buildtree/BuildActionRunner$Result;+34
j  org.gradle.internal.buildtree.ProblemReportingBuildActionRunner.run(Lorg/gradle/internal/invocation/BuildAction;Lorg/gradle/internal/buildtree/BuildTreeLifecycleController;)Lorg/gradle/internal/buildtree/BuildActionRunner$Result;+12
j  org.gradle.launcher.exec.BuildOutcomeReportingBuildActionRunner.run(Lorg/gradle/internal/invocation/BuildAction;Lorg/gradle/internal/buildtree/BuildTreeLifecycleController;)Lorg/gradle/internal/buildtree/BuildActionRunner$Result;+69
j  org.gradle.tooling.internal.provider.FileSystemWatchingBuildActionRunner.run(Lorg/gradle/internal/invocation/BuildAction;Lorg/gradle/internal/buildtree/BuildTreeLifecycleController;)Lorg/gradle/internal/buildtree/BuildActionRunner$Result;+335
j  org.gradle.launcher.exec.BuildCompletionNotifyingBuildActionRunner.run(Lorg/gradle/internal/invocation/BuildAction;Lorg/gradle/internal/buildtree/BuildTreeLifecycleController;)Lorg/gradle/internal/buildtree/BuildActionRunner$Result;+6
j  org.gradle.launcher.exec.RootBuildLifecycleBuildActionExecutor.lambda$execute$0(Lorg/gradle/internal/invocation/BuildAction;Lorg/gradle/internal/buildtree/BuildTreeLifecycleController;)Lorg/gradle/internal/buildtree/BuildActionRunner$Result;+6
j  org.gradle.launcher.exec.RootBuildLifecycleBuildActionExecutor$$Lambda$276+0x0000000100439f90.apply(Ljava/lang/Object;)Ljava/lang/Object;+12
j  org.gradle.composite.internal.DefaultRootBuildState.run(Ljava/util/function/Function;)Ljava/lang/Object;+87
j  org.gradle.launcher.exec.RootBuildLifecycleBuildActionExecutor.execute(Lorg/gradle/internal/invocation/BuildAction;Lorg/gradle/internal/buildtree/BuildTreeContext;)Lorg/gradle/internal/buildtree/BuildActionRunner$Result;+75
j  org.gradle.internal.buildtree.InitDeprecationLoggingActionExecutor.execute(Lorg/gradle/internal/invocation/BuildAction;Lorg/gradle/internal/buildtree/BuildTreeContext;)Lorg/gradle/internal/buildtree/BuildActionRunner$Result;+83
j  org.gradle.internal.buildtree.InitProblems.execute(Lorg/gradle/internal/invocation/BuildAction;Lorg/gradle/internal/buildtree/BuildTreeContext;)Lorg/gradle/internal/buildtree/BuildActionRunner$Result;+13
j  org.gradle.internal.buildtree.DefaultBuildTreeContext.execute(Lorg/gradle/internal/invocation/BuildAction;)Lorg/gradle/internal/buildtree/BuildActionRunner$Result;+64
j  org.gradle.launcher.exec.BuildTreeLifecycleBuildActionExecutor.lambda$execute$0(Lorg/gradle/internal/invocation/BuildAction;Lorg/gradle/internal/buildtree/BuildTreeContext;)Lorg/gradle/internal/buildtree/BuildActionRunner$Result;+2
j  org.gradle.launcher.exec.BuildTreeLifecycleBuildActionExecutor$$Lambda$228+0x000000010037ce40.apply(Ljava/lang/Object;)Ljava/lang/Object;+8
j  org.gradle.internal.buildtree.BuildTreeState.run(Ljava/util/function/Function;)Ljava/lang/Object;+47
j  org.gradle.launcher.exec.BuildTreeLifecycleBuildActionExecutor.execute(Lorg/gradle/internal/invocation/BuildAction;Lorg/gradle/internal/session/BuildSessionContext;)Lorg/gradle/internal/buildtree/BuildActionRunner$Result;+74
j  org.gradle.launcher.exec.RunAsBuildOperationBuildActionExecutor$3.call(Lorg/gradle/internal/operations/BuildOperationContext;)Lorg/gradle/internal/buildtree/BuildActionRunner$Result;+25
j  org.gradle.launcher.exec.RunAsBuildOperationBuildActionExecutor$3.call(Lorg/gradle/internal/operations/BuildOperationContext;)Ljava/lang/Object;+2
j  org.gradle.internal.operations.DefaultBuildOperationRunner$CallableBuildOperationWorker.execute(Lorg/gradle/internal/operations/CallableBuildOperation;Lorg/gradle/internal/operations/BuildOperationContext;)V+3
j  org.gradle.internal.operations.DefaultBuildOperationRunner$CallableBuildOperationWorker.execute(Lorg/gradle/internal/operations/BuildOperation;Lorg/gradle/internal/operations/BuildOperationContext;)V+6
j  org.gradle.internal.operations.DefaultBuildOperationRunner$2.execute(Lorg/gradle/internal/operations/BuildOperationDescriptor;Lorg/gradle/internal/operations/BuildOperationState;Lorg/gradle/internal/operations/BuildOperationState;Lorg/gradle/internal/operations/DefaultBuildOperationRunner$ReadableBuildOperationContext;Lorg/gradle/internal/operations/DefaultBuildOperationRunner$BuildOperationExecutionListener;)Lorg/gradle/internal/operations/BuildOperation;+22
j  org.gradle.internal.operations.DefaultBuildOperationRunner$2.execute(Lorg/gradle/internal/operations/BuildOperationDescriptor;Lorg/gradle/internal/operations/BuildOperationState;Lorg/gradle/internal/operations/BuildOperationState;Lorg/gradle/internal/operations/DefaultBuildOperationRunner$ReadableBuildOperationContext;Lorg/gradle/internal/operations/DefaultBuildOperationRunner$BuildOperationExecutionListener;)Ljava/lang/Object;+8
j  org.gradle.internal.operations.DefaultBuildOperationRunner.execute(Lorg/gradle/internal/operations/BuildOperationDescriptor$Builder;Lorg/gradle/internal/operations/BuildOperationState;Lorg/gradle/internal/operations/DefaultBuildOperationRunner$BuildOperationExecution;)Ljava/lang/Object;+141
j  org.gradle.internal.operations.DefaultBuildOperationRunner.execute(Lorg/gradle/internal/operations/BuildOperation;Lorg/gradle/internal/operations/BuildOperationWorker;Lorg/gradle/internal/operations/BuildOperationState;)V+18
j  org.gradle.internal.operations.DefaultBuildOperationRunner.call(Lorg/gradle/internal/operations/CallableBuildOperation;)Ljava/lang/Object;+16
j  org.gradle.launcher.exec.RunAsBuildOperationBuildActionExecutor.execute(Lorg/gradle/internal/invocation/BuildAction;Lorg/gradle/internal/session/BuildSessionContext;)Lorg/gradle/internal/buildtree/BuildActionRunner$Result;+23
j  org.gradle.launcher.exec.RunAsWorkerThreadBuildActionExecutor.lambda$execute$0(Lorg/gradle/internal/invocation/BuildAction;Lorg/gradle/internal/session/BuildSessionContext;)Lorg/gradle/internal/buildtree/BuildActionRunner$Result;+6
j  org.gradle.launcher.exec.RunAsWorkerThreadBuildActionExecutor$$Lambda$222+0x000000010034d260.create()Ljava/lang/Object;+12
j  org.gradle.internal.work.DefaultWorkerLeaseService.withLocks(Ljava/util/Collection;Lorg/gradle/internal/Factory;)Ljava/lang/Object;+28
j  org.gradle.internal.work.DefaultWorkerLeaseService.runAsWorkerThread(Lorg/gradle/internal/Factory;)Ljava/lang/Object;+33
j  org.gradle.launcher.exec.RunAsWorkerThreadBuildActionExecutor.execute(Lorg/gradle/internal/invocation/BuildAction;Lorg/gradle/internal/session/BuildSessionContext;)Lorg/gradle/internal/buildtree/BuildActionRunner$Result;+12
j  org.gradle.tooling.internal.provider.continuous.ContinuousBuildActionExecutor.execute(Lorg/gradle/internal/invocation/BuildAction;Lorg/gradle/internal/session/BuildSessionContext;)Lorg/gradle/internal/buildtree/BuildActionRunner$Result;+58
j  org.gradle.tooling.internal.provider.SubscribableBuildActionExecutor.execute(Lorg/gradle/internal/invocation/BuildAction;Lorg/gradle/internal/session/BuildSessionContext;)Lorg/gradle/internal/buildtree/BuildActionRunner$Result;+30
j  org.gradle.internal.session.DefaultBuildSessionContext.execute(Lorg/gradle/internal/invocation/BuildAction;)Lorg/gradle/internal/buildtree/BuildActionRunner$Result;+64
j  org.gradle.internal.buildprocess.execution.BuildSessionLifecycleBuildActionExecutor$ActionImpl.apply(Lorg/gradle/internal/session/BuildSessionContext;)Lorg/gradle/launcher/exec/BuildActionResult;+6
j  org.gradle.internal.buildprocess.execution.BuildSessionLifecycleBuildActionExecutor$ActionImpl.apply(Ljava/lang/Object;)Ljava/lang/Object;+5
j  org.gradle.internal.session.BuildSessionState.run(Ljava/util/function/Function;)Ljava/lang/Object;+5
j  org.gradle.internal.buildprocess.execution.BuildSessionLifecycleBuildActionExecutor.execute(Lorg/gradle/internal/invocation/BuildAction;Lorg/gradle/launcher/exec/BuildActionParameters;Lorg/gradle/initialization/BuildRequestContext;)Lorg/gradle/launcher/exec/BuildActionResult;+95
j  org.gradle.internal.buildprocess.execution.BuildSessionLifecycleBuildActionExecutor.execute(Lorg/gradle/internal/invocation/BuildAction;Ljava/lang/Object;Ljava/lang/Object;)Lorg/gradle/launcher/exec/BuildActionResult;+10
j  org.gradle.internal.buildprocess.execution.StartParamsValidatingActionExecutor.execute(Lorg/gradle/internal/invocation/BuildAction;Lorg/gradle/launcher/exec/BuildActionParameters;Lorg/gradle/initialization/BuildRequestContext;)Lorg/gradle/launcher/exec/BuildActionResult;+203
j  org.gradle.internal.buildprocess.execution.StartParamsValidatingActionExecutor.execute(Lorg/gradle/internal/invocation/BuildAction;Ljava/lang/Object;Ljava/lang/Object;)Lorg/gradle/launcher/exec/BuildActionResult;+10
j  org.gradle.internal.buildprocess.execution.SessionFailureReportingActionExecutor.execute(Lorg/gradle/internal/invocation/BuildAction;Lorg/gradle/launcher/exec/BuildActionParameters;Lorg/gradle/initialization/BuildRequestContext;)Lorg/gradle/launcher/exec/BuildActionResult;+7
j  org.gradle.internal.buildprocess.execution.SessionFailureReportingActionExecutor.execute(Lorg/gradle/internal/invocation/BuildAction;Ljava/lang/Object;Ljava/lang/Object;)Lorg/gradle/launcher/exec/BuildActionResult;+10
j  org.gradle.internal.buildprocess.execution.SetupLoggingActionExecutor.execute(Lorg/gradle/internal/invocation/BuildAction;Lorg/gradle/launcher/exec/BuildActionParameters;Lorg/gradle/initialization/BuildRequestContext;)Lorg/gradle/launcher/exec/BuildActionResult;+50
j  org.gradle.internal.buildprocess.execution.SetupLoggingActionExecutor.execute(Lorg/gradle/internal/invocation/BuildAction;Ljava/lang/Object;Ljava/lang/Object;)Lorg/gradle/launcher/exec/BuildActionResult;+10
j  org.gradle.launcher.daemon.server.exec.ExecuteBuild.doBuild(Lorg/gradle/launcher/daemon/server/api/DaemonCommandExecution;Lorg/gradle/launcher/daemon/protocol/Build;)V+147
j  org.gradle.launcher.daemon.server.exec.BuildCommandOnly.execute(Lorg/gradle/launcher/daemon/server/api/DaemonCommandExecution;)V+49
j  org.gradle.launcher.daemon.server.api.DaemonCommandExecution.proceed()Z+23
j  org.gradle.launcher.daemon.server.exec.WatchForDisconnection.execute(Lorg/gradle/launcher/daemon/server/api/DaemonCommandExecution;)V+19
j  org.gradle.launcher.daemon.server.api.DaemonCommandExecution.proceed()Z+23
j  org.gradle.launcher.daemon.server.exec.ResetDeprecationLogger.execute(Lorg/gradle/launcher/daemon/server/api/DaemonCommandExecution;)V+7
j  org.gradle.launcher.daemon.server.api.DaemonCommandExecution.proceed()Z+23
j  org.gradle.launcher.daemon.server.exec.RequestStopIfSingleUsedDaemon.execute(Lorg/gradle/launcher/daemon/server/api/DaemonCommandExecution;)V+33
j  org.gradle.launcher.daemon.server.api.DaemonCommandExecution.proceed()Z+23
j  org.gradle.launcher.daemon.server.exec.ForwardClientInput.lambda$execute$0(Lorg/gradle/launcher/daemon/server/api/DaemonCommandExecution;Lorg/gradle/internal/daemon/clientinput/StdinHandler;)Ljava/lang/Object;+11
j  org.gradle.launcher.daemon.server.exec.ForwardClientInput$$Lambda$111+0x00000001002474e0.apply(Ljava/lang/Object;)Ljava/lang/Object;+8
j  org.gradle.internal.daemon.clientinput.ClientInputForwarder.forwardInput(Ljava/util/function/Function;)Ljava/lang/Object;+46
j  org.gradle.launcher.daemon.server.exec.ForwardClientInput.execute(Lorg/gradle/launcher/daemon/server/api/DaemonCommandExecution;)V+10
j  org.gradle.launcher.daemon.server.api.DaemonCommandExecution.proceed()Z+23
j  org.gradle.launcher.daemon.server.exec.LogAndCheckHealth.execute(Lorg/gradle/launcher/daemon/server/api/DaemonCommandExecution;)V+51
j  org.gradle.launcher.daemon.server.api.DaemonCommandExecution.proceed()Z+23
j  org.gradle.launcher.daemon.server.exec.LogToClient.doBuild(Lorg/gradle/launcher/daemon/server/api/DaemonCommandExecution;Lorg/gradle/launcher/daemon/protocol/Build;)V+87
j  org.gradle.launcher.daemon.server.exec.BuildCommandOnly.execute(Lorg/gradle/launcher/daemon/server/api/DaemonCommandExecution;)V+49
j  org.gradle.launcher.daemon.server.api.DaemonCommandExecution.proceed()Z+23
j  org.gradle.launcher.daemon.server.exec.EstablishBuildEnvironment.doBuild(Lorg/gradle/launcher/daemon/server/api/DaemonCommandExecution;Lorg/gradle/launcher/daemon/protocol/Build;)V+356
j  org.gradle.launcher.daemon.server.exec.BuildCommandOnly.execute(Lorg/gradle/launcher/daemon/server/api/DaemonCommandExecution;)V+49
j  org.gradle.launcher.daemon.server.api.DaemonCommandExecution.proceed()Z+23
j  org.gradle.launcher.daemon.server.exec.StartBuildOrRespondWithBusy$1.run()V+44
j  org.gradle.launcher.daemon.server.DaemonStateCoordinator.lambda$runCommand$0(Ljava/lang/Runnable;)V+1
j  org.gradle.launcher.daemon.server.DaemonStateCoordinator$$Lambda$110+0x0000000100243c68.run()V+8
j  org.gradle.internal.concurrent.ExecutorPolicy$CatchAndRecordFailures.onExecute(Ljava/lang/Runnable;)V+1
j  org.gradle.internal.concurrent.AbstractManagedExecutor$1.run()V+25
j  java.util.concurrent.ThreadPoolExecutor.runWorker(Ljava/util/concurrent/ThreadPoolExecutor$Worker;)V+92 java.base@17.0.11
j  java.util.concurrent.ThreadPoolExecutor$Worker.run()V+5 java.base@17.0.11
j  java.lang.Thread.run()V+11 java.base@17.0.11
v  ~StubRoutines::call_stub
getstatic  178 getstatic  [0x0000016c6b048960, 0x0000016c6b048b60]  512 bytes
[MachCode]
  0x0000016c6b048960: 4883 ec08 | c5fa 1104 | 24eb 1f48 | 83ec 10c5 | fb11 0424 | eb14 4883 | ec10 4889 | 0424 48c7 
  0x0000016c6b048980: 4424 0800 | 0000 00eb | 0150 410f | b755 0148 | 8b4d d0c1 | e202 8b5c | d120 c1eb | 1081 e3ff 
  0x0000016c6b0489a0: 0000 0081 | fbb2 0000 | 000f 84b6 | 0000 00bb | b200 0000 | e805 0000 | 00e9 9b00 | 0000 488b 
  0x0000016c6b0489c0: d348 8d44 | 2408 4c89 | 6dc0 498b | cfc5 f877 | 4989 afa8 | 0200 0049 | 8987 9802 | 0000 4883 
  0x0000016c6b0489e0: ec20 f7c4 | 0f00 0000 | 0f84 1a00 | 0000 4883 | ec08 49ba | c099 6830 | fe7f 0000 | 41ff d248 
  0x0000016c6b048a00: 83c4 08e9 | 0d00 0000 | 49ba c099 | 6830 fe7f | 0000 41ff | d248 83c4 | 2049 c787 | 9802 0000 
  0x0000016c6b048a20: 0000 0000 | 49c7 87a8 | 0200 0000 | 0000 0049 | c787 a002 | 0000 0000 | 0000 c5f8 | 7749 817f 
  0x0000016c6b048a40: 0800 0000 | 000f 8405 | 0000 00e9 | b084 feff | 4c8b 6dc0 | 4c8b 75c8 | c341 0fb7 | 5501 488b 
  0x0000016c6b048a60: 4dd0 c1e2 | 0248 8b5c | d130 8b44 | d138 4c8b | 4cd1 284d | 8b49 704d | 8b09 c1e8 | 1c83 e00f 
  0x0000016c6b048a80: 0f85 0b00 | 0000 410f | be04 1950 | e9b1 0000 | 0083 f801 | 0f85 0b00 | 0000 410f | b604 1950 
  0x0000016c6b048aa0: e99d 0000 | 0083 f808 | 0f85 0a00 | 0000 418b | 0419 50e9 | 8a00 0000 | 83f8 040f | 850a 0000 
  0x0000016c6b048ac0: 0041 8b04 | 1950 e977 | 0000 0083 | f802 0f85 | 0b00 0000 | 410f b704 | 1950 e963 | 0000 0083 
  0x0000016c6b048ae0: f803 0f85 | 0b00 0000 | 410f bf04 | 1950 e94f | 0000 0083 | f805 0f85 | 1a00 0000 | 498b 0419 
  0x0000016c6b048b00: 4883 ec10 | 4889 0424 | 48c7 4424 | 0800 0000 | 00e9 2c00 | 0000 83f8 | 060f 8514 | 0000 00c4 
  0x0000016c6b048b20: c17a 1004 | 1948 83ec | 08c5 fa11 | 0424 e90f | 0000 00c4 | c17b 1004 | 1948 83ec | 10c5 fb11 
  0x0000016c6b048b40: 0424 410f | b65d 0349 | 83c5 0349 | ba40 afeb | 30fe 7f00 | 0041 ff24 | da0f 1f80 | 0000 0000 
[/MachCode]

Compiled method (n/a)   39560  986     n 0       java.lang.Class::forName0 (native)
 total in heap  [0x0000016c6b629d10,0x0000016c6b62a1b0] = 1184
 relocation     [0x0000016c6b629e68,0x0000016c6b629ea0] = 56
 main code      [0x0000016c6b629ea0,0x0000016c6b62a1b0] = 784

[Constant Pool (empty)]

[MachCode]
[Entry Point]
  # {method} {0x0000016c7b017028} 'forName0' '(Ljava/lang/String;ZLjava/lang/ClassLoader;Ljava/lang/Class;)Ljava/lang/Class;' in 'java/lang/Class'
  # parm0:    rdx:rdx   = 'java/lang/String'
  # parm1:    r8        = boolean
  # parm2:    r9:r9     = 'java/lang/ClassLoader'
  # parm3:    rdi:rdi   = 'java/lang/Class'
  #           [sp+0x80]  (sp of caller)
  0x0000016c6b629ea0: 448b 5208 | 49c1 e203 | 493b c20f | 8407 0000 

  0x0000016c6b629eb0: ;   {runtime_call ic_miss_stub}
  0x0000016c6b629eb0: 00e9 ca71 | a5ff 6690 
[Verified Entry Point]
  0x0000016c6b629eb8: 8984 2400 | 90ff ff55 | 488b ec48 | 83ec 7048 | 897c 2448 | 4883 ff00 | 488d 4424 | 4848 0f44 
  0x0000016c6b629ed8: 4424 4848 | 8944 2428 | 4c89 4c24 | 4049 83f9 | 0048 8d44 | 2440 480f | 4444 2440 | 4889 4424 
  0x0000016c6b629ef8: 204d 8bc8 | 4889 5424 | 3048 83fa | 004c 8d44 | 2430 4c0f | 4444 2430 

  0x0000016c6b629f10: ;   {oop(a 'java/lang/Class'{0x0000000080230b68} = 'java/lang/Class')}
  0x0000016c6b629f10: 49be 680b | 2380 0000 | 0000 4c89 | 7424 604c | 8d74 2460 | 498b d6c5 

  0x0000016c6b629f28: ;   {internal_word}
  0x0000016c6b629f28: f877 49ba | 279f 626b | 6c01 0000 | 4d89 97a0 | 0200 0049 | 89a7 9802 

  0x0000016c6b629f40: ;   {external_word}
  0x0000016c6b629f40: 0000 49ba | 683a e930 | fe7f 0000 | 4180 3a00 | 0f84 5200 | 0000 5241 

  0x0000016c6b629f58: ;   {metadata({method} {0x0000016c7b017028} 'forName0' '(Ljava/lang/String;ZLjava/lang/ClassLoader;Ljava/lang/Class;)Ljava/lang/Class;' in 'java/lang/Class')}
  0x0000016c6b629f58: 5041 5148 | ba20 7001 | 7b6c 0100 | 0049 8bcf | 4883 ec20 | f7c4 0f00 | 0000 0f84 | 1a00 0000 
  0x0000016c6b629f78: 4883 ec08 

  0x0000016c6b629f7c: ;   {runtime_call}
  0x0000016c6b629f7c: 49ba 30e4 | 9e30 fe7f | 0000 41ff | d248 83c4 | 08e9 0d00 

  0x0000016c6b629f90: ;   {runtime_call}
  0x0000016c6b629f90: 0000 49ba | 30e4 9e30 | fe7f 0000 | 41ff d248 | 83c4 2041 | 5941 585a | 498d 8fb8 | 0200 0041 
  0x0000016c6b629fb0: c787 4803 | 0000 0400 

  0x0000016c6b629fb8: ;   {runtime_call}
  0x0000016c6b629fb8: 0000 49ba | d412 be97 | fe7f 0000 | 41ff d2c5 | f877 41c7 | 8748 0300 | 0005 0000 | 00f0 8344 
  0x0000016c6b629fd8: 24c0 0049 | 3baf 5003 | 0000 0f87 | 1100 0000 | 4181 bf38 | 0300 0000 | 0000 000f | 842c 0000 
  0x0000016c6b629ff8: 00c5 f877 | 4889 45f8 | 498b cf4c | 8be4 4883 | ec20 4883 

  0x0000016c6b62a00c: ;   {runtime_call}
  0x0000016c6b62a00c: e4f0 49ba | 00ff ae30 | fe7f 0000 | 41ff d249 | 8be4 4d33 | e448 8b45 | f841 c787 | 4803 0000 
  0x0000016c6b62a02c: 0800 0000 | 4181 bfb8 | 0300 0002 | 0000 000f | 843f 0100 

  0x0000016c6b62a040: ;   {external_word}
  0x0000016c6b62a040: 0049 ba68 | 3ae9 30fe | 7f00 0041 | 803a 000f | 8450 0000 | 0048 8945 

  0x0000016c6b62a058: ;   {metadata({method} {0x0000016c7b017028} 'forName0' '(Ljava/lang/String;ZLjava/lang/ClassLoader;Ljava/lang/Class;)Ljava/lang/Class;' in 'java/lang/Class')}
  0x0000016c6b62a058: f848 ba20 | 7001 7b6c | 0100 0049 | 8bcf 4883 | ec20 f7c4 | 0f00 0000 | 0f84 1a00 | 0000 4883 
  0x0000016c6b62a078: ;   {runtime_call}
  0x0000016c6b62a078: ec08 49ba | 30e4 9e30 | fe7f 0000 | 41ff d248 | 83c4 08e9 | 0d00 0000 

  0x0000016c6b62a090: ;   {runtime_call}
  0x0000016c6b62a090: 49ba 30e4 | 9e30 fe7f | 0000 41ff | d248 83c4 | 2048 8b45 | f849 c787 | 9802 0000 | 0000 0000 
  0x0000016c6b62a0b0: 49c7 87a0 | 0200 0000 | 0000 00c5 | f877 4885 | c00f 8493 | 0000 0048 | f7c0 0100 | 0000 0f84 
  0x0000016c6b62a0d0: 8300 0000 | 488b 40ff | 4180 7f38 | 000f 846f | 0000 0048 | 83f8 000f | 8465 0000 | 0049 8b4f 
  0x0000016c6b62a0f0: 2048 83f9 | 000f 8414 | 0000 0048 | 83e9 0849 | 894f 2049 | 034f 3048 | 8901 e943 | 0000 0050 
  0x0000016c6b62a110: 498b d748 | 8bc8 4883 | ec20 f7c4 | 0f00 0000 | 0f84 1a00 | 0000 4883 

  0x0000016c6b62a128: ;   {runtime_call}
  0x0000016c6b62a128: ec08 49ba | e073 5d30 | fe7f 0000 | 41ff d248 | 83c4 08e9 | 0d00 0000 

  0x0000016c6b62a140: ;   {runtime_call}
  0x0000016c6b62a140: 49ba e073 | 5d30 fe7f | 0000 41ff | d248 83c4 | 2058 e903 | 0000 0048 | 8b00 498b | 8fd8 0000 
  0x0000016c6b62a160: 00c7 8100 | 0100 0000 | 0000 00c9 | 4981 7f08 | 0000 0000 | 0f85 0100 

  0x0000016c6b62a178: ;   {runtime_call StubRoutines (1)}
  0x0000016c6b62a178: 0000 c3e9 | 806d a0ff | c5f8 7748 | 8945 f84c | 8be4 4883 | ec20 4883 

  0x0000016c6b62a190: ;   {runtime_call}
  0x0000016c6b62a190: e4f0 49ba | b014 9f30 | fe7f 0000 | 41ff d249 | 8be4 4d33 | e448 8b45 | f8e9 93fe | ffff f4f4 
[/MachCode]


Compiled method (c1)   39567 3147       3       java.lang.Class::forName (15 bytes)
 total in heap  [0x0000016c6413c810,0x0000016c6413ccc0] = 1200
 relocation     [0x0000016c6413c968,0x0000016c6413c9c0] = 88
 main code      [0x0000016c6413c9c0,0x0000016c6413cb80] = 448
 stub code      [0x0000016c6413cb80,0x0000016c6413cbd8] = 88
 metadata       [0x0000016c6413cbd8,0x0000016c6413cbf0] = 24
 scopes data    [0x0000016c6413cbf0,0x0000016c6413cc38] = 72
 scopes pcs     [0x0000016c6413cc38,0x0000016c6413cca8] = 112
 dependencies   [0x0000016c6413cca8,0x0000016c6413ccb0] = 8
 nul chk table  [0x0000016c6413ccb0,0x0000016c6413ccc0] = 16

[Constant Pool (empty)]

[MachCode]
[Verified Entry Point]
  # {method} {0x0000016c7b016e38} 'forName' '(Ljava/lang/String;)Ljava/lang/Class;' in 'java/lang/Class'
  # parm0:    rdx:rdx   = 'java/lang/String'
  #           [sp+0x70]  (sp of caller)
  0x0000016c6413c9c0: 8984 2400 | 90ff ff55 | 4883 ec60 

  0x0000016c6413c9cc: ;   {metadata(method data for {method} {0x0000016c7b016e38} 'forName' '(Ljava/lang/String;)Ljava/lang/Class;' in 'java/lang/Class')}
  0x0000016c6413c9cc: 48be 388e | 7e7c 6c01 | 0000 8bbe | cc00 0000 | 83c7 0289 | becc 0000 | 0081 e7fe | 0700 0083 
  0x0000016c6413c9ec: ff00 0f84 | 0301 0000 | 4889 5424 

  0x0000016c6413c9f8: ;   {metadata(method data for {method} {0x0000016c7b016e38} 'forName' '(Ljava/lang/String;)Ljava/lang/Class;' in 'java/lang/Class')}
  0x0000016c6413c9f8: 4848 be38 | 8e7e 7c6c | 0100 0048 | 8386 1001 | 0000 010f 

  0x0000016c6413ca0c: ;   {static_call}
  0x0000016c6413ca0c: 1f40 00e8 

  0x0000016c6413ca10: ; ImmutableOopMap {[72]=Oop }
                      ;*invokestatic getCallerClass {reexecute=0 rethrow=0 return_oop=0}
                      ; - java.lang.Class::forName@0 (line 374)
  0x0000016c6413ca10: 2401 4d07 

  0x0000016c6413ca14: ;   {metadata(method data for {method} {0x0000016c7b016e38} 'forName' '(Ljava/lang/String;)Ljava/lang/Class;' in 'java/lang/Class')}
  0x0000016c6413ca14: 48ba 388e | 7e7c 6c01 | 0000 4883 | 8220 0100 

  0x0000016c6413ca24: ;   {metadata(method data for {method} {0x0000016c7b026dd0} 'getClassLoader' '(Ljava/lang/Class;)Ljava/lang/ClassLoader;' in 'java/lang/ClassLoader')}
  0x0000016c6413ca24: 0001 48ba | 705d 467b | 6c01 0000 | 448b 82cc | 0000 0041 | 83c0 0244 | 8982 cc00 | 0000 4181 
  0x0000016c6413ca44: e0fe ff1f | 0041 83f8 | 000f 84c5 | 0000 0048 

  0x0000016c6413ca54: ;   {metadata(method data for {method} {0x0000016c7b026dd0} 'getClassLoader' '(Ljava/lang/Class;)Ljava/lang/ClassLoader;' in 'java/lang/ClassLoader')}
  0x0000016c6413ca54: 83f8 0048 | ba70 5d46 | 7b6c 0100 | 0049 b810 | 0100 0000 | 0000 000f | 850a 0000 | 0049 b820 
  0x0000016c6413ca74: 0100 0000 | 0000 004e | 8b0c 024d | 8d49 014e | 890c 020f | 850f 0000 

  0x0000016c6413ca8c: ;   {oop(NULL)}
  0x0000016c6413ca8c: 0049 b900 | 0000 0000 | 0000 00e9 | 1e00 0000 

  0x0000016c6413ca9c: ; implicit exception: dispatches to 0x0000016c6413cb39
  0x0000016c6413ca9c: 483b 0048 

  0x0000016c6413caa0: ;   {metadata(method data for {method} {0x0000016c7b026dd0} 'getClassLoader' '(Ljava/lang/Class;)Ljava/lang/ClassLoader;' in 'java/lang/ClassLoader')}
  0x0000016c6413caa0: 8bd0 49b8 | 705d 467b | 6c01 0000 | 4983 8030 | 0100 0001 | 8b50 344c | 8bca 488b 

  0x0000016c6413cabc: ;   {metadata(method data for {method} {0x0000016c7b016e38} 'forName' '(Ljava/lang/String;)Ljava/lang/Class;' in 'java/lang/Class')}
  0x0000016c6413cabc: 5424 4849 | b838 8e7e | 7c6c 0100 | 0049 8380 | 3001 0000 | 0141 b801 | 0000 0048 | 8bf8 0f1f 
  0x0000016c6413cadc: ;   {static_call}
  0x0000016c6413cadc: 4400 00e8 

  0x0000016c6413cae0: ; ImmutableOopMap {}
                      ;*invokestatic forName0 {reexecute=0 rethrow=0 return_oop=0}
                      ; - java.lang.Class::forName@11 (line 375)
  0x0000016c6413cae0: d4d3 4e07 | 4883 c460 

  0x0000016c6413cae8: ;   {poll_return}
  0x0000016c6413cae8: 5d49 3ba7 | 5003 0000 | 0f87 4800 

  0x0000016c6413caf4: ;   {metadata({method} {0x0000016c7b016e38} 'forName' '(Ljava/lang/String;)Ljava/lang/Class;' in 'java/lang/Class')}
  0x0000016c6413caf4: 0000 c349 | ba30 6e01 | 7b6c 0100 | 004c 8954 | 2408 48c7 | 0424 ffff 

  0x0000016c6413cb0c: ;   {runtime_call counter_overflow Runtime1 stub}
  0x0000016c6413cb0c: ffff e86d 

  0x0000016c6413cb10: ; ImmutableOopMap {rdx=Oop }
                      ;*synchronization entry
                      ; - java.lang.Class::forName@-1 (line 374)
  0x0000016c6413cb10: bdfe 06e9 | dcfe ffff 

  0x0000016c6413cb18: ;   {metadata({method} {0x0000016c7b026dd0} 'getClassLoader' '(Ljava/lang/Class;)Ljava/lang/ClassLoader;' in 'java/lang/ClassLoader')}
  0x0000016c6413cb18: 49ba c86d | 027b 6c01 | 0000 4c89 | 5424 0848 | c704 24ff 

  0x0000016c6413cb2c: ;   {runtime_call counter_overflow Runtime1 stub}
  0x0000016c6413cb2c: ffff ffe8 

  0x0000016c6413cb30: ; ImmutableOopMap {[72]=Oop rax=Oop }
                      ;*synchronization entry
                      ; - java.lang.ClassLoader::getClassLoader@-1 (line 2041)
                      ; - java.lang.Class::forName@7 (line 375)
  0x0000016c6413cb30: 4cbd fe06 | e91a ffff 

  0x0000016c6413cb38: ;   {runtime_call throw_null_pointer_exception Runtime1 stub}
  0x0000016c6413cb38: ffe8 626c 

  0x0000016c6413cb3c: ; ImmutableOopMap {[72]=Oop rax=Oop }
                      ;*invokevirtual getClassLoader0 {reexecute=0 rethrow=0 return_oop=0}
                      ; - java.lang.ClassLoader::getClassLoader@7 (line 2045)
                      ; - java.lang.Class::forName@7 (line 375)
                      ;   {internal_word}
  0x0000016c6413cb3c: fe06 49ba | e9ca 1364 | 6c01 0000 | 4d89 9768 

  0x0000016c6413cb4c: ;   {runtime_call SafepointBlob}
  0x0000016c6413cb4c: 0300 00e9 | acae f406 | 9090 498b | 87e0 0300 | 0049 c787 | e003 0000 | 0000 0000 | 49c7 87e8 
  0x0000016c6413cb6c: 0300 0000 | 0000 0048 | 83c4 605d 

  0x0000016c6413cb78: ;   {runtime_call unwind_exception Runtime1 stub}
  0x0000016c6413cb78: e983 8cf5 | 06f4 f4f4 
[Stub Code]
  0x0000016c6413cb80: ;   {no_reloc}
  0x0000016c6413cb80: 0f1f 4400 

  0x0000016c6413cb84: ;   {static_stub}
  0x0000016c6413cb84: 0048 bb00 | 0000 0000 

  0x0000016c6413cb8c: ;   {runtime_call}
  0x0000016c6413cb8c: 0000 00e9 | fbff ffff 

  0x0000016c6413cb94: ;   {static_stub}
  0x0000016c6413cb94: 9048 bb00 | 0000 0000 

  0x0000016c6413cb9c: ;   {runtime_call}
  0x0000016c6413cb9c: 0000 00e9 | fbff ffff 
[Exception Handler]
  0x0000016c6413cba4: ;   {runtime_call handle_exception_from_callee Runtime1 stub}
  0x0000016c6413cba4: e8d7 89fe 

  0x0000016c6413cba8: ;   {external_word}
  0x0000016c6413cba8: 0648 b9e0 | 6dc3 30fe | 7f00 0048 

  0x0000016c6413cbb4: ;   {runtime_call}
  0x0000016c6413cbb4: 83e4 f049 | ba30 ce8b | 30fe 7f00 | 0041 ffd2 

  0x0000016c6413cbc4: ;   {section_word}
  0x0000016c6413cbc4: f449 bac5 | cb13 646c | 0100 0041 

  0x0000016c6413cbd0: ;   {runtime_call DeoptimizationBlob}
  0x0000016c6413cbd0: 52e9 caa0 | f406 f4f4 
[/MachCode]


---------------  P R O C E S S  ---------------

Threads class SMR info:
_java_thread_list=0x0000016c7a8edce0, length=33, elements={
0x0000016c606220e0, 0x0000016c7a47b370, 0x0000016c7a47be40, 0x0000016c7a499400,
0x0000016c7a49bde0, 0x0000016c7a49c6b0, 0x0000016c7a4c71a0, 0x0000016c7a4c81a0,
0x0000016c7a4c8ab0, 0x0000016c7a737ed0, 0x0000016c7a410030, 0x0000016c7a9d9e00,
0x0000016c00dd2b90, 0x0000016c00de1440, 0x0000016c0070b5c0, 0x0000016c7ab048b0,
0x0000016c7ab04d90, 0x0000016c7f5b5450, 0x0000016c7f5b3b00, 0x0000016c7f5b4010,
0x0000016c7f5b5e70, 0x0000016c7f5b35f0, 0x0000016c7f5b6380, 0x0000016c7f5b30e0,
0x0000016c7f5b4a30, 0x0000016c025f4b30, 0x0000016c025f22b0, 0x0000016c025f36f0,
0x0000016c025f1890, 0x0000016c025f5040, 0x0000016c025f6ea0, 0x0000016c025f0960,
0x0000016c025f3c00
}

Java Threads: ( => current thread )
  0x0000016c606220e0 JavaThread "main" [_thread_blocked, id=23956, stack(0x0000002f73000000,0x0000002f73100000)]
  0x0000016c7a47b370 JavaThread "Reference Handler" daemon [_thread_blocked, id=22628, stack(0x0000002f73700000,0x0000002f73800000)]
  0x0000016c7a47be40 JavaThread "Finalizer" daemon [_thread_blocked, id=11432, stack(0x0000002f73800000,0x0000002f73900000)]
  0x0000016c7a499400 JavaThread "Signal Dispatcher" daemon [_thread_blocked, id=21108, stack(0x0000002f73900000,0x0000002f73a00000)]
  0x0000016c7a49bde0 JavaThread "Attach Listener" daemon [_thread_blocked, id=23124, stack(0x0000002f73a00000,0x0000002f73b00000)]
  0x0000016c7a49c6b0 JavaThread "Service Thread" daemon [_thread_blocked, id=7372, stack(0x0000002f73b00000,0x0000002f73c00000)]
  0x0000016c7a4c71a0 JavaThread "Monitor Deflation Thread" daemon [_thread_blocked, id=23360, stack(0x0000002f73c00000,0x0000002f73d00000)]
  0x0000016c7a4c81a0 JavaThread "C2 CompilerThread0" daemon [_thread_blocked, id=5160, stack(0x0000002f73d00000,0x0000002f73e00000)]
  0x0000016c7a4c8ab0 JavaThread "C1 CompilerThread0" daemon [_thread_blocked, id=14340, stack(0x0000002f73e00000,0x0000002f73f00000)]
  0x0000016c7a737ed0 JavaThread "Sweeper thread" daemon [_thread_blocked, id=20944, stack(0x0000002f73f00000,0x0000002f74000000)]
  0x0000016c7a410030 JavaThread "Common-Cleaner" daemon [_thread_blocked, id=19960, stack(0x0000002f74000000,0x0000002f74100000)]
  0x0000016c7a9d9e00 JavaThread "Notification Thread" daemon [_thread_blocked, id=23220, stack(0x0000002f74100000,0x0000002f74200000)]
  0x0000016c00dd2b90 JavaThread "Daemon health stats" [_thread_blocked, id=16232, stack(0x0000002f74800000,0x0000002f74900000)]
  0x0000016c00de1440 JavaThread "Incoming local TCP Connector on port 60247" [_thread_in_native, id=18420, stack(0x0000002f74900000,0x0000002f74a00000)]
  0x0000016c0070b5c0 JavaThread "Daemon periodic checks" [_thread_blocked, id=12980, stack(0x0000002f74a00000,0x0000002f74b00000)]
  0x0000016c7ab048b0 JavaThread "Daemon" [_thread_blocked, id=15368, stack(0x0000002f74b00000,0x0000002f74c00000)]
  0x0000016c7ab04d90 JavaThread "Handler for socket connection from /127.0.0.1:60247 to /127.0.0.1:60250" [_thread_in_native, id=20176, stack(0x0000002f74c00000,0x0000002f74d00000)]
  0x0000016c7f5b5450 JavaThread "Cancel handler" [_thread_blocked, id=14460, stack(0x0000002f74d00000,0x0000002f74e00000)]
=>0x0000016c7f5b3b00 JavaThread "Daemon worker" [_thread_in_vm, id=24396, stack(0x0000002f74e00000,0x0000002f74f00000)]
  0x0000016c7f5b4010 JavaThread "Asynchronous log dispatcher for DefaultDaemonConnection: socket connection from /127.0.0.1:60247 to /127.0.0.1:60250" [_thread_blocked, id=10172, stack(0x0000002f74f00000,0x0000002f75000000)]
  0x0000016c7f5b5e70 JavaThread "Stdin handler" [_thread_blocked, id=12324, stack(0x0000002f75000000,0x0000002f75100000)]
  0x0000016c7f5b35f0 JavaThread "Daemon client event forwarder" [_thread_blocked, id=17352, stack(0x0000002f75100000,0x0000002f75200000)]
  0x0000016c7f5b6380 JavaThread "Cache worker for journal cache (C:\Users\delfi\.gradle\caches\journal-1)" [_thread_blocked, id=22640, stack(0x0000002f75500000,0x0000002f75600000)]
  0x0000016c7f5b30e0 JavaThread "File lock request listener" [_thread_in_native, id=14364, stack(0x0000002f75600000,0x0000002f75700000)]
  0x0000016c7f5b4a30 JavaThread "Cache worker for file hash cache (C:\Users\delfi\.gradle\caches\8.10\fileHashes)" [_thread_blocked, id=11924, stack(0x0000002f75700000,0x0000002f75800000)]
  0x0000016c025f4b30 JavaThread "Cache worker for file hash cache (C:\Users\delfi\AndroidStudioProjects\Comunic\.gradle\8.10\fileHashes)" [_thread_blocked, id=24468, stack(0x0000002f75800000,0x0000002f75900000)]
  0x0000016c025f22b0 JavaThread "Cache worker for Build Output Cleanup Cache (C:\Users\delfi\AndroidStudioProjects\Comunic\.gradle\buildOutputCleanup)" [_thread_blocked, id=18916, stack(0x0000002f75900000,0x0000002f75a00000)]
  0x0000016c025f36f0 JavaThread "File watcher server" daemon [_thread_in_native, id=1444, stack(0x0000002f75a00000,0x0000002f75b00000)]
  0x0000016c025f1890 JavaThread "File watcher consumer" daemon [_thread_blocked, id=12804, stack(0x0000002f75b00000,0x0000002f75c00000)]
  0x0000016c025f5040 JavaThread "Cache worker for checksums cache (C:\Users\delfi\AndroidStudioProjects\Comunic\.gradle\8.10\checksums)" [_thread_blocked, id=10324, stack(0x0000002f75c00000,0x0000002f75d00000)]
  0x0000016c025f6ea0 JavaThread "Cache worker for file content cache (C:\Users\delfi\.gradle\caches\8.10\fileContent)" [_thread_blocked, id=15156, stack(0x0000002f75d00000,0x0000002f75e00000)]
  0x0000016c025f0960 JavaThread "Cache worker for cache directory md-rule (C:\Users\delfi\.gradle\caches\8.10\md-rule)" [_thread_blocked, id=1460, stack(0x0000002f75e00000,0x0000002f75f00000)]
  0x0000016c025f3c00 JavaThread "Cache worker for cache directory md-supplier (C:\Users\delfi\.gradle\caches\8.10\md-supplier)" [_thread_blocked, id=15176, stack(0x0000002f75f00000,0x0000002f76000000)]

Other Threads:
  0x0000016c7a475560 VMThread "VM Thread" [stack: 0x0000002f73600000,0x0000002f73700000] [id=23088]
  0x0000016c60622d50 WatcherThread [stack: 0x0000002f74200000,0x0000002f74300000] [id=23776]
  0x0000016c6067c050 GCTaskThread "GC Thread#0" [stack: 0x0000002f73100000,0x0000002f73200000] [id=8272]
  0x0000016c7f2f5930 GCTaskThread "GC Thread#1" [stack: 0x0000002f74300000,0x0000002f74400000] [id=13856]
  0x0000016c7f31d5a0 GCTaskThread "GC Thread#2" [stack: 0x0000002f74400000,0x0000002f74500000] [id=22564]
  0x0000016c0015f1f0 GCTaskThread "GC Thread#3" [stack: 0x0000002f74500000,0x0000002f74600000] [id=19812]
  0x0000016c0025cf20 GCTaskThread "GC Thread#4" [stack: 0x0000002f74600000,0x0000002f74700000] [id=22796]
  0x0000016c00b6c1c0 GCTaskThread "GC Thread#5" [stack: 0x0000002f74700000,0x0000002f74800000] [id=23104]
  0x0000016c0072c310 GCTaskThread "GC Thread#6" [stack: 0x0000002f75200000,0x0000002f75300000] [id=17684]
  0x0000016c0020c6a0 GCTaskThread "GC Thread#7" [stack: 0x0000002f75300000,0x0000002f75400000] [id=21568]
  0x0000016c6068ceb0 ConcurrentGCThread "G1 Main Marker" [stack: 0x0000002f73200000,0x0000002f73300000] [id=1876]
  0x0000016c6068d7e0 ConcurrentGCThread "G1 Conc#0" [stack: 0x0000002f73300000,0x0000002f73400000] [id=17696]
  0x0000016c7a9a2830 ConcurrentGCThread "G1 Conc#1" [stack: 0x0000002f75400000,0x0000002f75500000] [id=7940]
  0x0000016c606ddfe0 ConcurrentGCThread "G1 Refine#0" [stack: 0x0000002f73400000,0x0000002f73500000] [id=7784]
  0x0000016c606de920 ConcurrentGCThread "G1 Service" [stack: 0x0000002f73500000,0x0000002f73600000] [id=7156]

Threads with active compile tasks:

VM state: not at safepoint (normal execution)

VM Mutex/Monitor currently owned by a thread:  ([mutex/lock_event])
[0x0000016c6060e440] Metaspace_lock - owner thread: 0x0000016c7f5b3b00

Heap address: 0x0000000080000000, size: 2048 MB, Compressed Oops mode: 32-bit

CDS archive(s) not mapped
Compressed class space mapped at: 0x0000000100000000-0x0000000140000000, reserved size: 1073741824
Narrow klass base: 0x0000000000000000, Narrow klass shift: 3, Narrow klass range: 0x140000000

GC Precious Log:
 CPUs: 8 total, 8 available
 Memory: 3982M
 Large Page Support: Disabled
 NUMA Support: Disabled
 Compressed Oops: Enabled (32-bit)
 Heap Region Size: 1M
 Heap Min Capacity: 8M
 Heap Initial Capacity: 64M
 Heap Max Capacity: 2G
 Pre-touch: Disabled
 Parallel Workers: 8
 Concurrent Workers: 2
 Concurrent Refinement Workers: 8
 Periodic GC: Disabled

Heap:
 garbage-first heap   total 78848K, used 56285K [0x0000000080000000, 0x0000000100000000)
  region size 1024K, 23 young (23552K), 3 survivors (3072K)
 Metaspace       used 61385K, committed 61888K, reserved 1114112K
  class space    used 8462K, committed 8704K, reserved 1048576K

Heap Regions: E=young(eden), S=young(survivor), O=old, HS=humongous(starts), HC=humongous(continues), CS=collection set, F=free, OA=open archive, CA=closed archive, TAMS=top-at-mark-start (previous, next)
|   0|0x0000000080000000, 0x0000000080100000, 0x0000000080100000|100%| O|  |TAMS 0x0000000080100000, 0x0000000080100000| Untracked 
|   1|0x0000000080100000, 0x0000000080200000, 0x0000000080200000|100%| O|  |TAMS 0x0000000080200000, 0x0000000080200000| Untracked 
|   2|0x0000000080200000, 0x0000000080300000, 0x0000000080300000|100%| O|  |TAMS 0x0000000080300000, 0x0000000080300000| Untracked 
|   3|0x0000000080300000, 0x0000000080400000, 0x0000000080400000|100%|HS|  |TAMS 0x0000000080400000, 0x0000000080400000| Complete 
|   4|0x0000000080400000, 0x0000000080500000, 0x0000000080500000|100%|HC|  |TAMS 0x0000000080500000, 0x0000000080500000| Complete 
|   5|0x0000000080500000, 0x0000000080600000, 0x0000000080600000|100%|HC|  |TAMS 0x0000000080600000, 0x0000000080600000| Complete 
|   6|0x0000000080600000, 0x0000000080700000, 0x0000000080700000|100%|HC|  |TAMS 0x0000000080700000, 0x0000000080700000| Complete 
|   7|0x0000000080700000, 0x0000000080800000, 0x0000000080800000|100%| O|  |TAMS 0x0000000080800000, 0x0000000080800000| Untracked 
|   8|0x0000000080800000, 0x0000000080900000, 0x0000000080900000|100%| O|  |TAMS 0x0000000080900000, 0x0000000080900000| Untracked 
|   9|0x0000000080900000, 0x0000000080a00000, 0x0000000080a00000|100%| O|  |TAMS 0x0000000080a00000, 0x0000000080a00000| Untracked 
|  10|0x0000000080a00000, 0x0000000080b00000, 0x0000000080b00000|100%| O|  |TAMS 0x0000000080b00000, 0x0000000080b00000| Untracked 
|  11|0x0000000080b00000, 0x0000000080c00000, 0x0000000080c00000|100%| O|  |TAMS 0x0000000080c00000, 0x0000000080c00000| Untracked 
|  12|0x0000000080c00000, 0x0000000080d00000, 0x0000000080d00000|100%|HS|  |TAMS 0x0000000080d00000, 0x0000000080d00000| Complete 
|  13|0x0000000080d00000, 0x0000000080e00000, 0x0000000080e00000|100%| O|  |TAMS 0x0000000080e00000, 0x0000000080e00000| Untracked 
|  14|0x0000000080e00000, 0x0000000080f00000, 0x0000000080f00000|100%| O|  |TAMS 0x0000000080f00000, 0x0000000080f00000| Untracked 
|  15|0x0000000080f00000, 0x0000000081000000, 0x0000000081000000|100%| O|  |TAMS 0x0000000081000000, 0x0000000081000000| Untracked 
|  16|0x0000000081000000, 0x0000000081100000, 0x0000000081100000|100%| O|  |TAMS 0x0000000081100000, 0x0000000081100000| Untracked 
|  17|0x0000000081100000, 0x0000000081200000, 0x0000000081200000|100%| O|  |TAMS 0x0000000081200000, 0x0000000081200000| Untracked 
|  18|0x0000000081200000, 0x0000000081300000, 0x0000000081300000|100%| O|  |TAMS 0x0000000081300000, 0x0000000081300000| Untracked 
|  19|0x0000000081300000, 0x0000000081400000, 0x0000000081400000|100%| O|  |TAMS 0x0000000081400000, 0x0000000081400000| Untracked 
|  20|0x0000000081400000, 0x0000000081500000, 0x0000000081500000|100%| O|  |TAMS 0x0000000081500000, 0x0000000081500000| Untracked 
|  21|0x0000000081500000, 0x0000000081600000, 0x0000000081600000|100%| O|  |TAMS 0x0000000081600000, 0x0000000081600000| Untracked 
|  22|0x0000000081600000, 0x0000000081700000, 0x0000000081700000|100%| O|  |TAMS 0x0000000081700000, 0x0000000081700000| Untracked 
|  23|0x0000000081700000, 0x0000000081800000, 0x0000000081800000|100%| O|  |TAMS 0x0000000081800000, 0x0000000081800000| Untracked 
|  24|0x0000000081800000, 0x0000000081900000, 0x0000000081900000|100%| O|  |TAMS 0x0000000081900000, 0x0000000081900000| Untracked 
|  25|0x0000000081900000, 0x0000000081a00000, 0x0000000081a00000|100%| O|  |TAMS 0x0000000081a00000, 0x0000000081a00000| Untracked 
|  26|0x0000000081a00000, 0x0000000081b00000, 0x0000000081b00000|100%| O|  |TAMS 0x0000000081b00000, 0x0000000081b00000| Untracked 
|  27|0x0000000081b00000, 0x0000000081c00000, 0x0000000081c00000|100%| O|  |TAMS 0x0000000081c00000, 0x0000000081c00000| Untracked 
|  28|0x0000000081c00000, 0x0000000081d00000, 0x0000000081d00000|100%| O|  |TAMS 0x0000000081d00000, 0x0000000081d00000| Untracked 
|  29|0x0000000081d00000, 0x0000000081e00000, 0x0000000081e00000|100%| O|  |TAMS 0x0000000081ddd400, 0x0000000081e00000| Untracked 
|  30|0x0000000081e00000, 0x0000000081f00000, 0x0000000081f00000|100%| O|  |TAMS 0x0000000081e00000, 0x0000000081e9ee00| Untracked 
|  31|0x0000000081f00000, 0x0000000082000000, 0x0000000082000000|100%| O|  |TAMS 0x0000000081f00000, 0x0000000081f00000| Untracked 
|  32|0x0000000082000000, 0x0000000082038c00, 0x0000000082100000| 22%| O|  |TAMS 0x0000000082000000, 0x0000000082000000| Untracked 
|  33|0x0000000082100000, 0x0000000082100000, 0x0000000082200000|  0%| F|  |TAMS 0x0000000082100000, 0x0000000082100000| Untracked 
|  34|0x0000000082200000, 0x0000000082300000, 0x0000000082300000|100%| O|  |TAMS 0x0000000082200000, 0x0000000082200000| Untracked 
|  35|0x0000000082300000, 0x0000000082400000, 0x0000000082400000|100%| O|  |TAMS 0x0000000082300000, 0x0000000082300000| Untracked 
|  36|0x0000000082400000, 0x0000000082400000, 0x0000000082500000|  0%| F|  |TAMS 0x0000000082400000, 0x0000000082400000| Untracked 
|  37|0x0000000082500000, 0x0000000082500000, 0x0000000082600000|  0%| F|  |TAMS 0x0000000082500000, 0x0000000082500000| Untracked 
|  38|0x0000000082600000, 0x0000000082600000, 0x0000000082700000|  0%| F|  |TAMS 0x0000000082600000, 0x0000000082600000| Untracked 
|  39|0x0000000082700000, 0x0000000082700000, 0x0000000082800000|  0%| F|  |TAMS 0x0000000082700000, 0x0000000082700000| Untracked 
|  40|0x0000000082800000, 0x0000000082800000, 0x0000000082900000|  0%| F|  |TAMS 0x0000000082800000, 0x0000000082800000| Untracked 
|  41|0x0000000082900000, 0x0000000082900000, 0x0000000082a00000|  0%| F|  |TAMS 0x0000000082900000, 0x0000000082900000| Untracked 
|  42|0x0000000082a00000, 0x0000000082a00000, 0x0000000082b00000|  0%| F|  |TAMS 0x0000000082a00000, 0x0000000082a00000| Untracked 
|  43|0x0000000082b00000, 0x0000000082b00000, 0x0000000082c00000|  0%| F|  |TAMS 0x0000000082b00000, 0x0000000082b00000| Untracked 
|  44|0x0000000082c00000, 0x0000000082c00000, 0x0000000082d00000|  0%| F|  |TAMS 0x0000000082c00000, 0x0000000082c00000| Untracked 
|  45|0x0000000082d00000, 0x0000000082d00000, 0x0000000082e00000|  0%| F|  |TAMS 0x0000000082d00000, 0x0000000082d00000| Untracked 
|  46|0x0000000082e00000, 0x0000000082e00000, 0x0000000082f00000|  0%| F|  |TAMS 0x0000000082e00000, 0x0000000082e00000| Untracked 
|  47|0x0000000082f00000, 0x0000000082f00000, 0x0000000083000000|  0%| F|  |TAMS 0x0000000082f00000, 0x0000000082f00000| Untracked 
|  48|0x0000000083000000, 0x00000000830be850, 0x0000000083100000| 74%| S|CS|TAMS 0x0000000083000000, 0x0000000083000000| Complete 
|  49|0x0000000083100000, 0x0000000083200000, 0x0000000083200000|100%| S|CS|TAMS 0x0000000083100000, 0x0000000083100000| Complete 
|  50|0x0000000083200000, 0x0000000083300000, 0x0000000083300000|100%| S|CS|TAMS 0x0000000083200000, 0x0000000083200000| Complete 
|  51|0x0000000083300000, 0x0000000083300000, 0x0000000083400000|  0%| F|  |TAMS 0x0000000083300000, 0x0000000083300000| Untracked 
|  52|0x0000000083400000, 0x0000000083400000, 0x0000000083500000|  0%| F|  |TAMS 0x0000000083400000, 0x0000000083400000| Untracked 
|  53|0x0000000083500000, 0x0000000083500000, 0x0000000083600000|  0%| F|  |TAMS 0x0000000083500000, 0x0000000083500000| Untracked 
|  54|0x0000000083600000, 0x0000000083600000, 0x0000000083700000|  0%| F|  |TAMS 0x0000000083600000, 0x0000000083600000| Untracked 
|  55|0x0000000083700000, 0x0000000083700000, 0x0000000083800000|  0%| F|  |TAMS 0x0000000083700000, 0x0000000083700000| Untracked 
|  56|0x0000000083800000, 0x0000000083800000, 0x0000000083900000|  0%| F|  |TAMS 0x0000000083800000, 0x0000000083800000| Untracked 
|  57|0x0000000083900000, 0x0000000083900800, 0x0000000083a00000|  0%| E|  |TAMS 0x0000000083900000, 0x0000000083900000| Complete 
|  58|0x0000000083a00000, 0x0000000083b00000, 0x0000000083b00000|100%| E|CS|TAMS 0x0000000083a00000, 0x0000000083a00000| Complete 
|  59|0x0000000083b00000, 0x0000000083c00000, 0x0000000083c00000|100%| E|CS|TAMS 0x0000000083b00000, 0x0000000083b00000| Complete 
|  60|0x0000000083c00000, 0x0000000083d00000, 0x0000000083d00000|100%| E|CS|TAMS 0x0000000083c00000, 0x0000000083c00000| Complete 
|  61|0x0000000083d00000, 0x0000000083e00000, 0x0000000083e00000|100%| E|CS|TAMS 0x0000000083d00000, 0x0000000083d00000| Complete 
|  62|0x0000000083e00000, 0x0000000083f00000, 0x0000000083f00000|100%| E|  |TAMS 0x0000000083e00000, 0x0000000083e00000| Complete 
|  63|0x0000000083f00000, 0x0000000084000000, 0x0000000084000000|100%| E|CS|TAMS 0x0000000083f00000, 0x0000000083f00000| Complete 
|  64|0x0000000084000000, 0x0000000084100000, 0x0000000084100000|100%| E|CS|TAMS 0x0000000084000000, 0x0000000084000000| Complete 
|  65|0x0000000084100000, 0x0000000084200000, 0x0000000084200000|100%| E|CS|TAMS 0x0000000084100000, 0x0000000084100000| Complete 
|  66|0x0000000084200000, 0x0000000084300000, 0x0000000084300000|100%| E|CS|TAMS 0x0000000084200000, 0x0000000084200000| Complete 
|  67|0x0000000084300000, 0x0000000084400000, 0x0000000084400000|100%| E|CS|TAMS 0x0000000084300000, 0x0000000084300000| Complete 
|  68|0x0000000084400000, 0x0000000084500000, 0x0000000084500000|100%| E|CS|TAMS 0x0000000084400000, 0x0000000084400000| Complete 
|  69|0x0000000084500000, 0x0000000084600000, 0x0000000084600000|100%| E|CS|TAMS 0x0000000084500000, 0x0000000084500000| Complete 
|  70|0x0000000084600000, 0x0000000084700000, 0x0000000084700000|100%| E|CS|TAMS 0x0000000084600000, 0x0000000084600000| Complete 
|  71|0x0000000084700000, 0x0000000084800000, 0x0000000084800000|100%| E|CS|TAMS 0x0000000084700000, 0x0000000084700000| Complete 
|  72|0x0000000084800000, 0x0000000084900000, 0x0000000084900000|100%| E|CS|TAMS 0x0000000084800000, 0x0000000084800000| Complete 
|  73|0x0000000084900000, 0x0000000084a00000, 0x0000000084a00000|100%| E|CS|TAMS 0x0000000084900000, 0x0000000084900000| Complete 
|  74|0x0000000084a00000, 0x0000000084b00000, 0x0000000084b00000|100%| E|CS|TAMS 0x0000000084a00000, 0x0000000084a00000| Complete 
|  75|0x0000000084b00000, 0x0000000084c00000, 0x0000000084c00000|100%| E|CS|TAMS 0x0000000084b00000, 0x0000000084b00000| Complete 
|  76|0x0000000084c00000, 0x0000000084d00000, 0x0000000084d00000|100%| E|CS|TAMS 0x0000000084c00000, 0x0000000084c00000| Complete 

Card table byte_map: [0x0000016c73240000,0x0000016c73640000] _byte_map_base: 0x0000016c72e40000

Marking Bits (Prev, Next): (CMBitMap*) 0x0000016c6067c580, (CMBitMap*) 0x0000016c6067c5c0
 Prev Bits: [0x0000016c73a40000, 0x0000016c75a40000)
 Next Bits: [0x0000016c75a40000, 0x0000016c77a40000)

Polling page: 0x0000016c5fde0000

Metaspace:

Usage:
  Non-class:     51.68 MB used.
      Class:      8.26 MB used.
       Both:     59.95 MB used.

Virtual space:
  Non-class space:       64.00 MB reserved,      51.94 MB ( 81%) committed,  1 nodes.
      Class space:        1.00 GB reserved,       8.50 MB ( <1%) committed,  1 nodes.
             Both:        1.06 GB reserved,      60.44 MB (  6%) committed. 

Chunk freelists:
   Non-Class:  11.78 MB
       Class:  7.38 MB
        Both:  19.16 MB

MaxMetaspaceSize: unlimited
CompressedClassSpaceSize: 1.00 GB
Initial GC threshold: 21.00 MB
Current GC threshold: 77.62 MB
CDS: off
MetaspaceReclaimPolicy: balanced
 - commit_granule_bytes: 65536.
 - commit_granule_words: 8192.
 - virtual_space_node_default_size: 8388608.
 - enlarge_chunks_in_place: 1.
 - new_chunks_are_fully_committed: 0.
 - uncommit_free_chunks: 1.
 - use_allocation_guard: 0.
 - handle_deallocations: 1.


Internal statistics:

num_allocs_failed_limit: 6.
num_arena_births: 656.
num_arena_deaths: 0.
num_vsnodes_births: 2.
num_vsnodes_deaths: 0.
num_space_committed: 967.
num_space_uncommitted: 0.
num_chunks_returned_to_freelist: 6.
num_chunks_taken_from_freelist: 2745.
num_chunk_merges: 6.
num_chunk_splits: 1817.
num_chunks_enlarged: 1264.
num_inconsistent_stats: 0.

CodeHeap 'non-profiled nmethods': size=120000Kb used=2587Kb max_used=3076Kb free=117412Kb
 bounds [0x0000016c6b5d0000, 0x0000016c6b8e0000, 0x0000016c72b00000]
CodeHeap 'profiled nmethods': size=120000Kb used=8809Kb max_used=10039Kb free=111190Kb
 bounds [0x0000016c63b00000, 0x0000016c644f0000, 0x0000016c6b030000]
CodeHeap 'non-nmethods': size=5760Kb used=1647Kb max_used=1712Kb free=4112Kb
 bounds [0x0000016c6b030000, 0x0000016c6b2a0000, 0x0000016c6b5d0000]
 total_blobs=5273 nmethods=4548 adapters=637
 compilation: enabled
              stopped_count=0, restarted_count=0
 full_count=0

Compilation events (20 events):
Event: 38.852 Thread 0x0000016c7a4c81a0 5378       4       java.util.LinkedHashMap$LinkedEntryIterator::next (5 bytes)
Event: 38.855 Thread 0x0000016c7a4c81a0 nmethod 5378 0x0000016c6b6bdb90 code [0x0000016c6b6bdd00, 0x0000016c6b6bdf98]
Event: 38.931 Thread 0x0000016c7a4c81a0 5379       4       com.google.common.collect.AbstractIndexedListIterator::next (31 bytes)
Event: 38.932 Thread 0x0000016c7a4c81a0 nmethod 5379 0x0000016c6b6bd710 code [0x0000016c6b6bd880, 0x0000016c6b6bd958]
Event: 38.936 Thread 0x0000016c7a4c81a0 5380       4       java.net.URI::match (56 bytes)
Event: 38.937 Thread 0x0000016c7a4c81a0 nmethod 5380 0x0000016c6b71a090 code [0x0000016c6b71a200, 0x0000016c6b71a2d8]
Event: 39.035 Thread 0x0000016c7a4c8ab0 5381       1       org.apache.http.message.ParserCursor::getPos (5 bytes)
Event: 39.035 Thread 0x0000016c7a4c8ab0 nmethod 5381 0x0000016c6b719d90 code [0x0000016c6b719f20, 0x0000016c6b719ff8]
Event: 39.035 Thread 0x0000016c7a4c8ab0 5382       3       java.util.BitSet::get (69 bytes)
Event: 39.038 Thread 0x0000016c7a4c8ab0 nmethod 5382 0x0000016c63d90310 code [0x0000016c63d90560, 0x0000016c63d90d48]
Event: 39.259 Thread 0x0000016c7a4c8ab0 5383       3       java.util.regex.Pattern$TreeInfo::reset (21 bytes)
Event: 39.259 Thread 0x0000016c7a4c8ab0 nmethod 5383 0x0000016c64167090 code [0x0000016c64167220, 0x0000016c64167338]
Event: 39.259 Thread 0x0000016c7a4c81a0 5384   !   4       java.util.regex.Pattern::closure (276 bytes)
Event: 39.301 Thread 0x0000016c7a4c81a0 nmethod 5384 0x0000016c6b794090 code [0x0000016c6b794360, 0x0000016c6b7955f8]
Event: 39.331 Thread 0x0000016c7a4c81a0 5385       4       java.security.SecureClassLoader$CodeSourceKey::equals (60 bytes)
Event: 39.337 Thread 0x0000016c7a4c81a0 nmethod 5385 0x0000016c6b719690 code [0x0000016c6b719820, 0x0000016c6b719b18]
Event: 39.337 Thread 0x0000016c7a4c81a0 5386       4       java.security.CodeSource::matchCerts (254 bytes)
Event: 39.338 Thread 0x0000016c7a4c81a0 nmethod 5386 0x0000016c6b719290 code [0x0000016c6b719420, 0x0000016c6b719558]
Event: 39.401 Thread 0x0000016c7a4c81a0 5387       4       java.lang.invoke.MemberName::initResolved (53 bytes)
Event: 39.402 Thread 0x0000016c7a4c81a0 nmethod 5387 0x0000016c6b718f90 code [0x0000016c6b719100, 0x0000016c6b7191d8]

GC Heap History (20 events):
Event: 17.672 GC heap before
{Heap before GC invocations=10 (full 0):
 garbage-first heap   total 65536K, used 35860K [0x0000000080000000, 0x0000000100000000)
  region size 1024K, 13 young (13312K), 3 survivors (3072K)
 Metaspace       used 35780K, committed 36096K, reserved 1114112K
  class space    used 4884K, committed 5056K, reserved 1048576K
}
Event: 17.678 GC heap after
{Heap after GC invocations=11 (full 0):
 garbage-first heap   total 65536K, used 27025K [0x0000000080000000, 0x0000000100000000)
  region size 1024K, 2 young (2048K), 2 survivors (2048K)
 Metaspace       used 35780K, committed 36096K, reserved 1114112K
  class space    used 4884K, committed 5056K, reserved 1048576K
}
Event: 19.318 GC heap before
{Heap before GC invocations=12 (full 0):
 garbage-first heap   total 65536K, used 50577K [0x0000000080000000, 0x0000000100000000)
  region size 1024K, 26 young (26624K), 2 survivors (2048K)
 Metaspace       used 40846K, committed 41216K, reserved 1114112K
  class space    used 5466K, committed 5632K, reserved 1048576K
}
Event: 19.327 GC heap after
{Heap after GC invocations=13 (full 0):
 garbage-first heap   total 65536K, used 29210K [0x0000000080000000, 0x0000000100000000)
  region size 1024K, 4 young (4096K), 4 survivors (4096K)
 Metaspace       used 40846K, committed 41216K, reserved 1114112K
  class space    used 5466K, committed 5632K, reserved 1048576K
}
Event: 20.219 GC heap before
{Heap before GC invocations=13 (full 0):
 garbage-first heap   total 65536K, used 50714K [0x0000000080000000, 0x0000000100000000)
  region size 1024K, 26 young (26624K), 4 survivors (4096K)
 Metaspace       used 42570K, committed 42944K, reserved 1114112K
  class space    used 5656K, committed 5824K, reserved 1048576K
}
Event: 20.233 GC heap after
{Heap after GC invocations=14 (full 0):
 garbage-first heap   total 65536K, used 31917K [0x0000000080000000, 0x0000000100000000)
  region size 1024K, 3 young (3072K), 3 survivors (3072K)
 Metaspace       used 42570K, committed 42944K, reserved 1114112K
  class space    used 5656K, committed 5824K, reserved 1048576K
}
Event: 20.848 GC heap before
{Heap before GC invocations=14 (full 0):
 garbage-first heap   total 65536K, used 51373K [0x0000000080000000, 0x0000000100000000)
  region size 1024K, 22 young (22528K), 3 survivors (3072K)
 Metaspace       used 43623K, committed 44032K, reserved 1114112K
  class space    used 5821K, committed 6016K, reserved 1048576K
}
Event: 20.856 GC heap after
{Heap after GC invocations=15 (full 0):
 garbage-first heap   total 65536K, used 31498K [0x0000000080000000, 0x0000000100000000)
  region size 1024K, 1 young (1024K), 1 survivors (1024K)
 Metaspace       used 43623K, committed 44032K, reserved 1114112K
  class space    used 5821K, committed 6016K, reserved 1048576K
}
Event: 21.664 GC heap before
{Heap before GC invocations=16 (full 0):
 garbage-first heap   total 65536K, used 51978K [0x0000000080000000, 0x0000000100000000)
  region size 1024K, 21 young (21504K), 1 survivors (1024K)
 Metaspace       used 44490K, committed 44992K, reserved 1114112K
  class space    used 5960K, committed 6208K, reserved 1048576K
}
Event: 21.669 GC heap after
{Heap after GC invocations=17 (full 0):
 garbage-first heap   total 65536K, used 32520K [0x0000000080000000, 0x0000000100000000)
  region size 1024K, 2 young (2048K), 2 survivors (2048K)
 Metaspace       used 44490K, committed 44992K, reserved 1114112K
  class space    used 5960K, committed 6208K, reserved 1048576K
}
Event: 22.989 GC heap before
{Heap before GC invocations=17 (full 0):
 garbage-first heap   total 65536K, used 53000K [0x0000000080000000, 0x0000000100000000)
  region size 1024K, 22 young (22528K), 2 survivors (2048K)
 Metaspace       used 47039K, committed 47488K, reserved 1114112K
  class space    used 6381K, committed 6592K, reserved 1048576K
}
Event: 23.012 GC heap after
{Heap after GC invocations=18 (full 0):
 garbage-first heap   total 65536K, used 33906K [0x0000000080000000, 0x0000000100000000)
  region size 1024K, 3 young (3072K), 3 survivors (3072K)
 Metaspace       used 47039K, committed 47488K, reserved 1114112K
  class space    used 6381K, committed 6592K, reserved 1048576K
}
Event: 23.987 GC heap before
{Heap before GC invocations=19 (full 0):
 garbage-first heap   total 65536K, used 48242K [0x0000000080000000, 0x0000000100000000)
  region size 1024K, 18 young (18432K), 3 survivors (3072K)
 Metaspace       used 48663K, committed 49088K, reserved 1114112K
  class space    used 6645K, committed 6848K, reserved 1048576K
}
Event: 23.995 GC heap after
{Heap after GC invocations=20 (full 0):
 garbage-first heap   total 78848K, used 35055K [0x0000000080000000, 0x0000000100000000)
  region size 1024K, 3 young (3072K), 3 survivors (3072K)
 Metaspace       used 48663K, committed 49088K, reserved 1114112K
  class space    used 6645K, committed 6848K, reserved 1048576K
}
Event: 25.099 GC heap before
{Heap before GC invocations=20 (full 0):
 garbage-first heap   total 78848K, used 62703K [0x0000000080000000, 0x0000000100000000)
  region size 1024K, 29 young (29696K), 3 survivors (3072K)
 Metaspace       used 52655K, committed 53184K, reserved 1114112K
  class space    used 7100K, committed 7360K, reserved 1048576K
}
Event: 25.105 GC heap after
{Heap after GC invocations=21 (full 0):
 garbage-first heap   total 78848K, used 35135K [0x0000000080000000, 0x0000000100000000)
  region size 1024K, 2 young (2048K), 2 survivors (2048K)
 Metaspace       used 52655K, committed 53184K, reserved 1114112K
  class space    used 7100K, committed 7360K, reserved 1048576K
}
Event: 27.633 GC heap before
{Heap before GC invocations=21 (full 0):
 garbage-first heap   total 78848K, used 62783K [0x0000000080000000, 0x0000000100000000)
  region size 1024K, 29 young (29696K), 2 survivors (2048K)
 Metaspace       used 56185K, committed 56704K, reserved 1114112K
  class space    used 7639K, committed 7872K, reserved 1048576K
}
Event: 27.661 GC heap after
{Heap after GC invocations=22 (full 0):
 garbage-first heap   total 78848K, used 36641K [0x0000000080000000, 0x0000000100000000)
  region size 1024K, 3 young (3072K), 3 survivors (3072K)
 Metaspace       used 56185K, committed 56704K, reserved 1114112K
  class space    used 7639K, committed 7872K, reserved 1048576K
}
Event: 32.137 GC heap before
{Heap before GC invocations=22 (full 0):
 garbage-first heap   total 78848K, used 62241K [0x0000000080000000, 0x0000000100000000)
  region size 1024K, 29 young (29696K), 3 survivors (3072K)
 Metaspace       used 59153K, committed 59712K, reserved 1114112K
  class space    used 8135K, committed 8384K, reserved 1048576K
}
Event: 32.217 GC heap after
{Heap after GC invocations=23 (full 0):
 garbage-first heap   total 78848K, used 37853K [0x0000000080000000, 0x0000000100000000)
  region size 1024K, 3 young (3072K), 3 survivors (3072K)
 Metaspace       used 59153K, committed 59712K, reserved 1114112K
  class space    used 8135K, committed 8384K, reserved 1048576K
}

Dll operation events (3 events):
Event: 0.102 Loaded shared library C:\Program Files\Android\Android Studio\jbr\bin\java.dll
Event: 1.146 Loaded shared library C:\Program Files\Android\Android Studio\jbr\bin\zip.dll
Event: 3.340 Loaded shared library C:\Program Files\Android\Android Studio\jbr\bin\verify.dll

Deoptimization events (20 events):
Event: 35.741 Thread 0x0000016c7f5b3b00 Uncommon trap: trap_request=0xffffffc6 fr.pc=0x0000016c6b76a8ac relative=0x000000000000026c
Event: 35.741 Thread 0x0000016c7f5b3b00 Uncommon trap: reason=bimorphic_or_optimized_type_check action=maybe_recompile pc=0x0000016c6b76a8ac method=com.google.common.base.CharMatcher.indexIn(Ljava/lang/CharSequence;I)I @ 31 c2
Event: 35.741 Thread 0x0000016c7f5b3b00 DEOPT PACKING pc=0x0000016c6b76a8ac sp=0x0000002f74ef9910
Event: 35.741 Thread 0x0000016c7f5b3b00 DEOPT UNPACKING pc=0x0000016c6b0869a3 sp=0x0000002f74ef98b8 mode 2
Event: 36.569 Thread 0x0000016c7f5b3b00 Uncommon trap: trap_request=0xffffffc6 fr.pc=0x0000016c6b76a8ac relative=0x000000000000026c
Event: 36.569 Thread 0x0000016c7f5b3b00 Uncommon trap: reason=bimorphic_or_optimized_type_check action=maybe_recompile pc=0x0000016c6b76a8ac method=com.google.common.base.CharMatcher.indexIn(Ljava/lang/CharSequence;I)I @ 31 c2
Event: 36.569 Thread 0x0000016c7f5b3b00 DEOPT PACKING pc=0x0000016c6b76a8ac sp=0x0000002f74ef91f0
Event: 36.569 Thread 0x0000016c7f5b3b00 DEOPT UNPACKING pc=0x0000016c6b0869a3 sp=0x0000002f74ef9198 mode 2
Event: 37.697 Thread 0x0000016c7f5b3b00 Uncommon trap: trap_request=0xffffffc6 fr.pc=0x0000016c6b80aa24 relative=0x00000000000006a4
Event: 37.697 Thread 0x0000016c7f5b3b00 Uncommon trap: reason=bimorphic_or_optimized_type_check action=maybe_recompile pc=0x0000016c6b80aa24 method=java.util.regex.Pattern$Slice.match(Ljava/util/regex/Matcher;ILjava/lang/CharSequence;)Z @ 75 c2
Event: 37.698 Thread 0x0000016c7f5b3b00 DEOPT PACKING pc=0x0000016c6b80aa24 sp=0x0000002f74ef81c0
Event: 37.698 Thread 0x0000016c7f5b3b00 DEOPT UNPACKING pc=0x0000016c6b0869a3 sp=0x0000002f74ef80d8 mode 2
Event: 38.443 Thread 0x0000016c7f5b3b00 Uncommon trap: trap_request=0xffffffc6 fr.pc=0x0000016c6b80aa24 relative=0x00000000000006a4
Event: 38.443 Thread 0x0000016c7f5b3b00 Uncommon trap: reason=bimorphic_or_optimized_type_check action=maybe_recompile pc=0x0000016c6b80aa24 method=java.util.regex.Pattern$Slice.match(Ljava/util/regex/Matcher;ILjava/lang/CharSequence;)Z @ 75 c2
Event: 38.443 Thread 0x0000016c7f5b3b00 DEOPT PACKING pc=0x0000016c6b80aa24 sp=0x0000002f74ef7970
Event: 38.443 Thread 0x0000016c7f5b3b00 DEOPT UNPACKING pc=0x0000016c6b0869a3 sp=0x0000002f74ef7888 mode 2
Event: 39.388 Thread 0x0000016c7f5b3b00 Uncommon trap: trap_request=0xffffff45 fr.pc=0x0000016c6b604320 relative=0x00000000000001c0
Event: 39.388 Thread 0x0000016c7f5b3b00 Uncommon trap: reason=unstable_if action=reinterpret pc=0x0000016c6b604320 method=sun.invoke.util.VerifyAccess.isTypeVisible(Ljava/lang/Class;Ljava/lang/Class;)Z @ 77 c2
Event: 39.388 Thread 0x0000016c7f5b3b00 DEOPT PACKING pc=0x0000016c6b604320 sp=0x0000002f74ef6110
Event: 39.389 Thread 0x0000016c7f5b3b00 DEOPT UNPACKING pc=0x0000016c6b0869a3 sp=0x0000002f74ef6090 mode 2

Classes unloaded (0 events):
No events

Classes redefined (0 events):
No events

Internal exceptions (20 events):
Event: 29.325 Thread 0x0000016c7f5b35f0 Exception <a 'java/lang/NoSuchMethodError'{0x00000000843a5118}: static Lorg/gradle/internal/build/event/types/DefaultOperationStartedProgressEvent;.<clinit>()V> (0x00000000843a5118) 
thrown [s\src\hotspot\share\prims\jni.cpp, line 1127]
Event: 29.330 Thread 0x0000016c7f5b35f0 Exception <a 'java/lang/NoSuchMethodError'{0x00000000843a8460}: static Lorg/gradle/internal/build/event/types/AbstractProgressEvent;.<clinit>()V> (0x00000000843a8460) 
thrown [s\src\hotspot\share\prims\jni.cpp, line 1127]
Event: 29.338 Thread 0x0000016c7f5b35f0 Exception <a 'java/lang/NoSuchMethodError'{0x00000000843bd448}: static Lorg/gradle/internal/build/event/types/DefaultProjectConfigurationDescriptor;.<clinit>()V> (0x00000000843bd448) 
thrown [s\src\hotspot\share\prims\jni.cpp, line 1127]
Event: 29.339 Thread 0x0000016c7f5b35f0 Exception <a 'java/lang/NoSuchMethodError'{0x00000000842010c0}: static Lorg/gradle/internal/build/event/types/DefaultOperationDescriptor;.<clinit>()V> (0x00000000842010c0) 
thrown [s\src\hotspot\share\prims\jni.cpp, line 1127]
Event: 29.352 Thread 0x0000016c7f5b35f0 Exception <a 'java/lang/NoSuchMethodError'{0x000000008421c880}: static Lorg/gradle/internal/operations/OperationIdentifier;.<clinit>()V> (0x000000008421c880) 
thrown [s\src\hotspot\share\prims\jni.cpp, line 1127]
Event: 30.314 Thread 0x0000016c7f5b3b00 Exception <a 'java/lang/NoSuchMethodError'{0x0000000083a9f608}: 'long java.lang.invoke.DirectMethodHandle$Holder.invokeStatic(java.lang.Object, long)'> (0x0000000083a9f608) 
thrown [s\src\hotspot\share\interpreter\linkResolver.cpp, line 771]
Event: 30.454 Thread 0x0000016c7f5b3b00 Implicit null exception at 0x0000016c6b8c9480 to 0x0000016c6b8c9824
Event: 30.567 Thread 0x0000016c7f5b3b00 Exception <a 'java/lang/NoSuchMethodError'{0x000000008375c2d8}: 'java.lang.Object java.lang.invoke.DirectMethodHandle$Holder.invokeInterface(java.lang.Object, java.lang.Object, int)'> (0x000000008375c2d8) 
thrown [s\src\hotspot\share\interpreter\linkResolver.cpp, line 771]
Event: 32.267 Thread 0x0000016c7f5b3b00 Exception <a 'java/lang/NoSuchMethodError'{0x0000000084c3c698}: 'void java.lang.invoke.DirectMethodHandle$Holder.invokeStatic(java.lang.Object, java.lang.Object, java.lang.Object, java.lang.Object, java.lang.Object, java.lang.Object)'> (0x0000000084c3c698) 
thrown [s\src\hotspot\share\interpreter\linkResolver.cpp, line 771]
Event: 35.060 Thread 0x0000016c7f5b3b00 Exception <a 'java/lang/NoSuchMethodError'{0x000000008472d6e8}: static Lorg/gradle/api/internal/catalog/DefaultVersionCatalog;.<clinit>()V> (0x000000008472d6e8) 
thrown [s\src\hotspot\share\prims\jni.cpp, line 1127]
Event: 35.274 Thread 0x0000016c7f5b3b00 Exception <a 'java/lang/NoSuchMethodError'{0x000000008477d938}: static [Ljava/lang/Object;.<clinit>()V> (0x000000008477d938) 
thrown [s\src\hotspot\share\prims\jni.cpp, line 1127]
Event: 35.303 Thread 0x0000016c7f5b3b00 Exception <a 'java/lang/NoSuchMethodError'{0x00000000847a8d40}: static Lorg/gradle/api/internal/catalog/DependencyModel;.<clinit>()V> (0x00000000847a8d40) 
thrown [s\src\hotspot\share\prims\jni.cpp, line 1127]
Event: 35.305 Thread 0x0000016c7f5b3b00 Exception <a 'java/lang/NoSuchMethodError'{0x00000000847ac5e0}: static Lorg/gradle/api/internal/catalog/AbstractContextAwareModel;.<clinit>()V> (0x00000000847ac5e0) 
thrown [s\src\hotspot\share\prims\jni.cpp, line 1127]
Event: 35.320 Thread 0x0000016c7f5b3b00 Exception <a 'java/lang/NoSuchMethodError'{0x00000000847c6200}: static Lorg/gradle/api/internal/artifacts/dependencies/AbstractVersionConstraint;.<clinit>()V> (0x00000000847c6200) 
thrown [s\src\hotspot\share\prims\jni.cpp, line 1127]
Event: 35.364 Thread 0x0000016c7f5b3b00 Exception <a 'java/lang/NoSuchMethodError'{0x0000000084624c70}: static Lorg/gradle/api/internal/catalog/PluginModel;.<clinit>()V> (0x0000000084624c70) 
thrown [s\src\hotspot\share\prims\jni.cpp, line 1127]
Event: 35.373 Thread 0x0000016c7f5b3b00 Exception <a 'java/lang/NoSuchMethodError'{0x000000008463c350}: static Lorg/gradle/api/internal/catalog/VersionModel;.<clinit>()V> (0x000000008463c350) 
thrown [s\src\hotspot\share\prims\jni.cpp, line 1127]
Event: 35.431 Thread 0x0000016c7f5b3b00 Exception <a 'java/lang/NoSuchMethodError'{0x00000000846627d8}: 'void java.lang.invoke.DirectMethodHandle$Holder.invokeSpecial(java.lang.Object, java.lang.Object, java.lang.Object, int)'> (0x00000000846627d8) 
thrown [s\src\hotspot\share\interpreter\linkResolver.cpp, line 771]
Event: 37.886 Thread 0x0000016c7f5b3b00 Exception <a 'java/lang/NoSuchMethodError'{0x00000000841d6080}: 'int java.lang.invoke.DirectMethodHandle$Holder.invokeSpecialIFC(java.lang.Object, java.lang.Object, java.lang.Object)'> (0x00000000841d6080) 
thrown [s\src\hotspot\share\interpreter\linkResolver.cpp, line 771]
Event: 38.732 Thread 0x0000016c7f5b3b00 Exception <a 'java/lang/NoSuchMethodError'{0x0000000083dcb5b0}: 'java.lang.Object java.lang.invoke.DirectMethodHandle$Holder.invokeSpecial(java.lang.Object, java.lang.Object, java.lang.Object, java.lang.Object, java.lang.Object, long)'> (0x0000000083dcb5b0) 
thrown [s\src\hotspot\share\interpreter\linkResolver.cpp, line 771]
Event: 38.747 Thread 0x0000016c7f5b3b00 Exception <a 'java/lang/NoSuchMethodError'{0x0000000083dedf00}: 'void java.lang.invoke.DirectMethodHandle$Holder.invokeStatic(java.lang.Object, java.lang.Object, java.lang.Object, int, java.lang.Object)'> (0x0000000083dedf00) 
thrown [s\src\hotspot\share\interpreter\linkResolver.cpp, line 771]

VM Operations (20 events):
Event: 32.134 Executing VM operation: G1CollectForAllocation
Event: 32.217 Executing VM operation: G1CollectForAllocation done
Event: 33.222 Executing VM operation: Cleanup
Event: 33.223 Executing VM operation: Cleanup done
Event: 34.236 Executing VM operation: Cleanup
Event: 34.237 Executing VM operation: Cleanup done
Event: 35.219 Executing VM operation: HandshakeAllThreads
Event: 35.223 Executing VM operation: HandshakeAllThreads done
Event: 35.634 Executing VM operation: HandshakeAllThreads
Event: 35.634 Executing VM operation: HandshakeAllThreads done
Event: 35.634 Executing VM operation: Cleanup
Event: 35.635 Executing VM operation: Cleanup done
Event: 36.640 Executing VM operation: Cleanup
Event: 36.642 Executing VM operation: Cleanup done
Event: 37.654 Executing VM operation: Cleanup
Event: 37.673 Executing VM operation: Cleanup done
Event: 38.677 Executing VM operation: Cleanup
Event: 38.679 Executing VM operation: Cleanup done
Event: 39.216 Executing VM operation: HandshakeAllThreads
Event: 39.221 Executing VM operation: HandshakeAllThreads done

Events (20 events):
Event: 39.231 loading class sun/nio/cs/ThreadLocalCoders$Cache
Event: 39.232 loading class sun/nio/cs/ThreadLocalCoders$Cache done
Event: 39.232 loading class sun/nio/cs/ThreadLocalCoders$1 done
Event: 39.233 loading class sun/nio/cs/ThreadLocalCoders$2
Event: 39.234 loading class sun/nio/cs/ThreadLocalCoders$2 done
Event: 39.385 loading class javax/net/ssl/SSLContext
Event: 39.388 loading class javax/net/ssl/SSLContext done
Event: 39.402 loading class java/lang/invoke/VarHandleReferences$FieldStaticReadWrite
Event: 39.407 loading class java/lang/invoke/VarHandleReferences$FieldStaticReadWrite done
Event: 39.408 loading class javax/net/ssl/SSLContextSpi
Event: 39.409 loading class javax/net/ssl/SSLContextSpi done
Event: 39.411 loading class sun/security/ssl/SSLContextImpl$TLSContext
Event: 39.412 loading class sun/security/ssl/SSLContextImpl$CustomizedTLSContext
Event: 39.413 loading class sun/security/ssl/SSLContextImpl$AbstractTLSContext
Event: 39.414 loading class sun/security/ssl/SSLContextImpl
Event: 39.418 loading class sun/security/ssl/SSLContextImpl done
Event: 39.418 loading class sun/security/ssl/SSLContextImpl$AbstractTLSContext done
Event: 39.418 loading class sun/security/ssl/SSLContextImpl$CustomizedTLSContext done
Event: 39.418 loading class sun/security/ssl/SSLContextImpl$TLSContext done
Event: 39.418 loading class sun/security/ssl/SSLLogger


Dynamic libraries:
0x00007ff7217a0000 - 0x00007ff7217aa000 	C:\Program Files\Android\Android Studio\jbr\bin\java.exe
0x00007ffeb7950000 - 0x00007ffeb7b48000 	C:\Windows\SYSTEM32\ntdll.dll
0x00007ffeb72e0000 - 0x00007ffeb73a2000 	C:\Windows\System32\KERNEL32.DLL
0x00007ffeb54d0000 - 0x00007ffeb57cf000 	C:\Windows\System32\KERNELBASE.dll
0x00007ffeb5190000 - 0x00007ffeb5290000 	C:\Windows\System32\ucrtbase.dll
0x00007ffe97ca0000 - 0x00007ffe97cb7000 	C:\Program Files\Android\Android Studio\jbr\bin\jli.dll
0x00007ffeb1c10000 - 0x00007ffeb1c2b000 	C:\Program Files\Android\Android Studio\jbr\bin\VCRUNTIME140.dll
0x00007ffeb7620000 - 0x00007ffeb77bd000 	C:\Windows\System32\USER32.dll
0x00007ffeb5930000 - 0x00007ffeb5952000 	C:\Windows\System32\win32u.dll
0x00007ffeb7820000 - 0x00007ffeb784b000 	C:\Windows\System32\GDI32.dll
0x00007ffeb4fe0000 - 0x00007ffeb50f7000 	C:\Windows\System32\gdi32full.dll
0x00007ffeb5290000 - 0x00007ffeb532d000 	C:\Windows\System32\msvcp_win.dll
0x00007ffe993a0000 - 0x00007ffe9963a000 	C:\Windows\WinSxS\amd64_microsoft.windows.common-controls_6595b64144ccf1df_6.0.19041.4355_none_60b8b9eb71f62e16\COMCTL32.dll
0x00007ffeb6350000 - 0x00007ffeb63ee000 	C:\Windows\System32\msvcrt.dll
0x00007ffeb61f0000 - 0x00007ffeb621f000 	C:\Windows\System32\IMM32.DLL
0x00007ffea22d0000 - 0x00007ffea22dc000 	C:\Program Files\Android\Android Studio\jbr\bin\vcruntime140_1.dll
0x00007ffe8c200000 - 0x00007ffe8c28d000 	C:\Program Files\Android\Android Studio\jbr\bin\msvcp140.dll
0x00007ffe30300000 - 0x00007ffe30f83000 	C:\Program Files\Android\Android Studio\jbr\bin\server\jvm.dll
0x00007ffeb7850000 - 0x00007ffeb7901000 	C:\Windows\System32\ADVAPI32.dll
0x00007ffeb7120000 - 0x00007ffeb71bf000 	C:\Windows\System32\sechost.dll
0x00007ffeb6ff0000 - 0x00007ffeb7113000 	C:\Windows\System32\RPCRT4.dll
0x00007ffeb53a0000 - 0x00007ffeb53c7000 	C:\Windows\System32\bcrypt.dll
0x00007ffeb49f0000 - 0x00007ffeb4a3b000 	C:\Windows\SYSTEM32\POWRPROF.dll
0x00007ffeaef00000 - 0x00007ffeaef09000 	C:\Windows\SYSTEM32\WSOCK32.dll
0x00007ffeac6d0000 - 0x00007ffeac6da000 	C:\Windows\SYSTEM32\VERSION.dll
0x00007ffeb6f80000 - 0x00007ffeb6feb000 	C:\Windows\System32\WS2_32.dll
0x00007ffea2e00000 - 0x00007ffea2e27000 	C:\Windows\SYSTEM32\WINMM.dll
0x00007ffeb49a0000 - 0x00007ffeb49b2000 	C:\Windows\SYSTEM32\UMPDC.dll
0x00007ffeb3800000 - 0x00007ffeb3812000 	C:\Windows\SYSTEM32\kernel.appcore.dll
0x00007ffeb06a0000 - 0x00007ffeb06aa000 	C:\Program Files\Android\Android Studio\jbr\bin\jimage.dll
0x00007ffeb2d60000 - 0x00007ffeb2f44000 	C:\Windows\SYSTEM32\DBGHELP.DLL
0x00007ffead160000 - 0x00007ffead194000 	C:\Windows\SYSTEM32\dbgcore.DLL
0x00007ffeb5100000 - 0x00007ffeb5182000 	C:\Windows\System32\bcryptPrimitives.dll
0x00007ffea1fa0000 - 0x00007ffea1fae000 	C:\Program Files\Android\Android Studio\jbr\bin\instrument.dll
0x00007ffe97be0000 - 0x00007ffe97c05000 	C:\Program Files\Android\Android Studio\jbr\bin\java.dll
0x00007ffea2380000 - 0x00007ffea2398000 	C:\Program Files\Android\Android Studio\jbr\bin\zip.dll
0x00007ffeb6470000 - 0x00007ffeb6bde000 	C:\Windows\System32\SHELL32.dll
0x00007ffeb3040000 - 0x00007ffeb37e4000 	C:\Windows\SYSTEM32\windows.storage.dll
0x00007ffeb5e90000 - 0x00007ffeb61e5000 	C:\Windows\System32\combase.dll
0x00007ffeb49c0000 - 0x00007ffeb49ef000 	C:\Windows\SYSTEM32\Wldp.dll
0x00007ffeb6220000 - 0x00007ffeb62ed000 	C:\Windows\System32\OLEAUT32.dll
0x00007ffeb7540000 - 0x00007ffeb75ed000 	C:\Windows\System32\SHCORE.dll
0x00007ffeb6d90000 - 0x00007ffeb6de5000 	C:\Windows\System32\shlwapi.dll
0x00007ffeb4f10000 - 0x00007ffeb4f34000 	C:\Windows\SYSTEM32\profapi.dll
0x00007ffea2070000 - 0x00007ffea2089000 	C:\Program Files\Android\Android Studio\jbr\bin\net.dll
0x00007ffeadd20000 - 0x00007ffeade2d000 	C:\Windows\SYSTEM32\WINHTTP.dll
0x00007ffeb46a0000 - 0x00007ffeb470a000 	C:\Windows\system32\mswsock.dll
0x00007ffe97d70000 - 0x00007ffe97d86000 	C:\Program Files\Android\Android Studio\jbr\bin\nio.dll
0x00007ffea2670000 - 0x00007ffea2680000 	C:\Program Files\Android\Android Studio\jbr\bin\verify.dll
0x00007ffe85790000 - 0x00007ffe857b7000 	C:\Users\delfi\.gradle\native\c067742578af261105cb4f569cf0c3c89f3d7b1fecec35dd04571415982c5e48\windows-amd64\native-platform.dll
0x00007ffe7ddf0000 - 0x00007ffe7df34000 	C:\Users\delfi\.gradle\native\100fb08df4bc3b14c8652ba06237920a3bd2aa13389f12d3474272988ae205f9\windows-amd64\native-platform-file-events.dll
0x00007ffead500000 - 0x00007ffead509000 	C:\Program Files\Android\Android Studio\jbr\bin\management.dll
0x00007ffea2780000 - 0x00007ffea278b000 	C:\Program Files\Android\Android Studio\jbr\bin\management_ext.dll
0x00007ffeb6ed0000 - 0x00007ffeb6ed8000 	C:\Windows\System32\PSAPI.DLL
0x00007ffeb48f0000 - 0x00007ffeb4908000 	C:\Windows\SYSTEM32\CRYPTSP.dll
0x00007ffeb3fc0000 - 0x00007ffeb3ff4000 	C:\Windows\system32\rsaenh.dll
0x00007ffeb4e90000 - 0x00007ffeb4ebe000 	C:\Windows\SYSTEM32\USERENV.dll
0x00007ffeb4910000 - 0x00007ffeb491c000 	C:\Windows\SYSTEM32\CRYPTBASE.dll
0x00007ffeb4380000 - 0x00007ffeb43bb000 	C:\Windows\SYSTEM32\IPHLPAPI.DLL
0x00007ffeb75f0000 - 0x00007ffeb75f8000 	C:\Windows\System32\NSI.dll
0x00007ffeae910000 - 0x00007ffeae927000 	C:\Windows\SYSTEM32\dhcpcsvc6.DLL
0x00007ffeaf0c0000 - 0x00007ffeaf0dd000 	C:\Windows\SYSTEM32\dhcpcsvc.DLL
0x00007ffeb43c0000 - 0x00007ffeb448a000 	C:\Windows\SYSTEM32\DNSAPI.dll
0x00007ffeb0410000 - 0x00007ffeb0419000 	C:\Program Files\Android\Android Studio\jbr\bin\extnet.dll
0x00007ffe43100000 - 0x00007ffe43107000 	C:\Windows\system32\wshunix.dll

dbghelp: loaded successfully - version: 4.0.5 - missing functions: none
symbol engine: initialized successfully - sym options: 0x614 - pdb path: .;C:\Program Files\Android\Android Studio\jbr\bin;C:\Windows\SYSTEM32;C:\Windows\WinSxS\amd64_microsoft.windows.common-controls_6595b64144ccf1df_6.0.19041.4355_none_60b8b9eb71f62e16;C:\Program Files\Android\Android Studio\jbr\bin\server;C:\Users\delfi\.gradle\native\c067742578af261105cb4f569cf0c3c89f3d7b1fecec35dd04571415982c5e48\windows-amd64;C:\Users\delfi\.gradle\native\100fb08df4bc3b14c8652ba06237920a3bd2aa13389f12d3474272988ae205f9\windows-amd64

VM Arguments:
jvm_args: --add-opens=java.base/java.util=ALL-UNNAMED --add-opens=java.base/java.lang=ALL-UNNAMED --add-opens=java.base/java.lang.invoke=ALL-UNNAMED --add-opens=java.prefs/java.util.prefs=ALL-UNNAMED --add-exports=jdk.compiler/com.sun.tools.javac.api=ALL-UNNAMED --add-exports=jdk.compiler/com.sun.tools.javac.util=ALL-UNNAMED --add-opens=java.base/java.nio.charset=ALL-UNNAMED --add-opens=java.base/java.net=ALL-UNNAMED --add-opens=java.base/java.util.concurrent.atomic=ALL-UNNAMED -Xmx2048m -Dfile.encoding=UTF-8 -Duser.country=AR -Duser.language=es -Duser.variant -javaagent:C:\Users\delfi\.gradle\wrapper\dists\gradle-8.10-bin\deqhafrv1ntovfmgh0nh3npr9\gradle-8.10\lib\agents\gradle-instrumentation-agent-8.10.jar 
java_command: org.gradle.launcher.daemon.bootstrap.GradleDaemon 8.10
java_class_path (initial): C:\Users\delfi\.gradle\wrapper\dists\gradle-8.10-bin\deqhafrv1ntovfmgh0nh3npr9\gradle-8.10\lib\gradle-daemon-main-8.10.jar
Launcher Type: SUN_STANDARD

[Global flags]
     intx CICompilerCount                          = 4                                         {product} {ergonomic}
     uint ConcGCThreads                            = 2                                         {product} {ergonomic}
     uint G1ConcRefinementThreads                  = 8                                         {product} {ergonomic}
   size_t G1HeapRegionSize                         = 1048576                                   {product} {ergonomic}
    uintx GCDrainStackTargetSize                   = 64                                        {product} {ergonomic}
   size_t InitialHeapSize                          = 67108864                                  {product} {ergonomic}
   size_t MarkStackSize                            = 4194304                                   {product} {ergonomic}
   size_t MaxHeapSize                              = 2147483648                                {product} {command line}
   size_t MaxNewSize                               = 1287651328                                {product} {ergonomic}
   size_t MinHeapDeltaBytes                        = 1048576                                   {product} {ergonomic}
   size_t MinHeapSize                              = 8388608                                   {product} {ergonomic}
    uintx NonNMethodCodeHeapSize                   = 5839372                                {pd product} {ergonomic}
    uintx NonProfiledCodeHeapSize                  = 122909434                              {pd product} {ergonomic}
    uintx ProfiledCodeHeapSize                     = 122909434                              {pd product} {ergonomic}
    uintx ReservedCodeCacheSize                    = 251658240                              {pd product} {ergonomic}
     bool SegmentedCodeCache                       = true                                      {product} {ergonomic}
   size_t SoftMaxHeapSize                          = 2147483648                             {manageable} {ergonomic}
     bool UseCompressedClassPointers               = true                           {product lp64_product} {ergonomic}
     bool UseCompressedOops                        = true                           {product lp64_product} {ergonomic}
     bool UseG1GC                                  = true                                      {product} {ergonomic}
     bool UseLargePagesIndividualAllocation        = false                                  {pd product} {ergonomic}

Logging:
Log output configuration:
 #0: stdout all=warning uptime,level,tags
 #1: stderr all=off uptime,level,tags

Environment Variables:
PATH=C:\Windows\system32;C:\Windows;C:\Windows\System32\Wbem;C:\Windows\System32\WindowsPowerShell\v1.0\;C:\Windows\System32\OpenSSH\;C:\Users\delfi\OneDrive\Escritorio\GHDL\bin;C:\Users\delfi\OneDrive\Escritorio\gtkwave64\bin;C:\Program Files\nodejs\;C:\Users\delfi\Downloads\MinGW\bin;C:\Program Files\Git\cmd;C:\Users\delfi\AppData\Local\Programs\Python\Python312;C:\Users\delfi\AppData\Local\Programs\Python\Python312\Scripts;C:\Users\delfi\OneDrive\Escritorio\digi2\gnuwin32\bin;C:\Users\delfi\OneDrive\Escritorio\digi2\xpack-openocd-0.12.0-4\bin;C:\13_3_rel1\bin;C:\ST-LINK_Utility;C:\Program Files\PuTTY\;C:\Users\delfi\AppData\Local\Programs\Python\Python312\Scripts\;C:\Users\delfi\AppData\Local\Programs\Python\Python312\;C:\Users\delfi\AppData\Local\Microsoft\WindowsApps;C:\Users\delfi\AppData\Local\Programs\Microsoft VS Code\bin;C:\Users\delfi\AppData\Roaming\npm;
USERNAME=delfi
OS=Windows_NT
PROCESSOR_IDENTIFIER=Intel64 Family 6 Model 142 Stepping 12, GenuineIntel
TMP=C:\Users\delfi\AppData\Local\Temp
TEMP=C:\Users\delfi\AppData\Local\Temp



Periodic native trim disabled

JNI global refs:
JNI global refs: 26, weak refs: 0

JNI global refs memory usage: 843, weak refs: 841

Process memory usage:
Resident Set Size: 82532K (2% of 4077784K total physical memory with 23292K free physical memory)

OOME stack traces (most recent first):
Classloader memory used:
Loader org.gradle.internal.classloader.VisitableURLClassLoader                         : 3994K
Loader bootstrap                                                                       : 2452K
Loader org.gradle.initialization.MixInLegacyTypesClassLoader                           : 1091K
Loader jdk.internal.loader.ClassLoaders$PlatformClassLoader                            : 68937B
Loader jdk.internal.loader.ClassLoaders$AppClassLoader                                 : 29280B
Loader org.gradle.internal.classloader.VisitableURLClassLoader                         : 23416B
Loader jdk.internal.reflect.DelegatingClassLoader                                      : 15930B

Classes loaded by more than one classloader:
Class Program                                                                         : loaded 3 times (x 70B)
Class org.gradle.internal.classpath.ClassPath                                         : loaded 2 times (x 68B)
Class org.gradle.api.internal.classpath.DefaultModuleRegistry                         : loaded 2 times (x 84B)
Class Settings_gradle$1$1                                                             : loaded 2 times (x 72B)
Class org.gradle.api.Action                                                           : loaded 2 times (x 68B)
Class org.gradle.api.internal.DefaultClassPathProvider                                : loaded 2 times (x 74B)
Class org.gradle.internal.installation.GradleInstallation$1                           : loaded 2 times (x 73B)
Class org.gradle.internal.classloader.FilteringClassLoader                            : loaded 2 times (x 103B)
Class org.gradle.internal.classpath.DefaultClassPath$ImmutableUniqueList$Builder      : loaded 2 times (x 73B)
Class org.gradle.internal.classloader.ClassLoaderVisitor                              : loaded 2 times (x 74B)
Class org.gradle.internal.service.DefaultServiceLocator                               : loaded 2 times (x 81B)
Class org.gradle.internal.service.UnknownServiceException                             : loaded 2 times (x 81B)
Class org.gradle.internal.classloader.DefaultClassLoaderFactory                       : loaded 2 times (x 80B)
Class org.gradle.internal.classloader.VisitableURLClassLoader$Spec                    : loaded 2 times (x 72B)
Class org.gradle.api.GradleException                                                  : loaded 2 times (x 80B)
Class org.gradle.api.internal.classpath.ModuleRegistry                                : loaded 2 times (x 68B)
Class org.gradle.api.internal.ClassPathProvider                                       : loaded 2 times (x 68B)
Class org.gradle.internal.classloader.ClasspathUtil$1                                 : loaded 2 times (x 74B)
Class org.gradle.internal.classloader.ClassLoaderFactory                              : loaded 2 times (x 68B)
Class org.gradle.api.internal.classpath.ManifestUtil                                  : loaded 2 times (x 69B)
Class org.gradle.api.specs.Spec                                                       : loaded 2 times (x 68B)
Class org.gradle.internal.IoActions                                                   : loaded 2 times (x 69B)
Class org.gradle.api.internal.classpath.EffectiveClassPath                            : loaded 2 times (x 88B)
Class org.gradle.internal.installation.CurrentGradleInstallation                      : loaded 2 times (x 71B)
Class org.gradle.internal.installation.CurrentGradleInstallationLocator               : loaded 2 times (x 69B)
Class org.gradle.api.internal.classpath.Module                                        : loaded 2 times (x 68B)
Class org.gradle.internal.service.CachingServiceLocator                               : loaded 2 times (x 80B)
Class org.gradle.internal.classpath.DefaultClassPath                                  : loaded 2 times (x 88B)
Class org.gradle.internal.classloader.SystemClassLoaderSpec                           : loaded 2 times (x 69B)
Class org.gradle.api.UncheckedIOException                                             : loaded 2 times (x 80B)
Class org.gradle.internal.installation.GradleInstallation                             : loaded 2 times (x 73B)
Class org.gradle.api.internal.classpath.GlobalCacheRootsProvider                      : loaded 2 times (x 68B)
Class org.gradle.internal.classloader.ClasspathUtil                                   : loaded 2 times (x 69B)
Class org.gradle.api.internal.DefaultClassPathRegistry                                : loaded 2 times (x 74B)
Class org.gradle.api.internal.classpath.DefaultModuleRegistry$DefaultModule           : loaded 2 times (x 84B)
Class org.gradle.api.internal.classpath.UnknownModuleException                        : loaded 2 times (x 80B)
Class org.gradle.internal.service.ServiceLookupException                              : loaded 2 times (x 80B)
Class [Lorg.gradle.api.internal.ClassPathProvider;                                    : loaded 2 times (x 67B)
Class org.gradle.util.internal.GUtil                                                  : loaded 2 times (x 69B)
Class org.gradle.internal.classloader.ClassLoaderSpec                                 : loaded 2 times (x 69B)
Class org.gradle.internal.classloader.InstrumentingClassLoader                        : loaded 2 times (x 68B)
Class org.gradle.internal.classloader.VisitableURLClassLoader                         : loaded 2 times (x 115B)
Class org.gradle.internal.Cast                                                        : loaded 2 times (x 69B)
Class org.gradle.api.internal.ClassPathRegistry                                       : loaded 2 times (x 68B)
Class org.gradle.internal.classloader.VisitableURLClassLoader$InstrumentingVisitableURLClassLoader: loaded 2 times (x 121B)
Class org.gradle.internal.classloader.ClassLoaderHierarchy                            : loaded 2 times (x 68B)
Class org.gradle.internal.InternalTransformer                                         : loaded 2 times (x 68B)
Class org.gradle.internal.service.ServiceLocator                                      : loaded 2 times (x 68B)
Class Settings_gradle$1                                                               : loaded 2 times (x 72B)
Class org.gradle.internal.classpath.DefaultClassPath$ImmutableUniqueList              : loaded 2 times (x 159B)
Class org.gradle.internal.classpath.TransformedClassPath                              : loaded 2 times (x 94B)
Class Settings_gradle                                                                 : loaded 2 times (x 126B)


---------------  S Y S T E M  ---------------

OS:
 Windows 10 , 64 bit Build 19041 (10.0.19041.5198)
OS uptime: 10 days 14:46 hours

CPU: total 8 (initial active 8) (4 cores per cpu, 2 threads per core) family 6 model 142 stepping 12 microcode 0xca, cx8, cmov, fxsr, ht, mmx, 3dnowpref, sse, sse2, sse3, ssse3, sse4.1, sse4.2, popcnt, lzcnt, tsc, tscinvbit, avx, avx2, aes, erms, clmul, bmi1, bmi2, adx, fma, vzeroupper, clflush, clflushopt
Processor Information for all 8 processors :
  Max Mhz: 1800, Current Mhz: 1600, Mhz Limit: 1584

Memory: 4k page, system-wide physical 3982M (20M free)
TotalPageFile size 16270M (AvailPageFile size 0M)
current process WorkingSet (physical memory assigned to process): 86M, peak: 170M
current process commit charge ("private bytes"): 270M, peak: 285M

vm_info: OpenJDK 64-Bit Server VM (17.0.11+0--11852314) for windows-amd64 JRE (17.0.11+0--11852314), built on May 16 2024 21:29:20 by "androidbuild" with MS VC++ 16.10 / 16.11 (VS2019)

END.
