#
# There is insufficient memory for the Java Runtime Environment to continue.
# Native memory allocation (malloc) failed to allocate 112080 bytes. Error detail: Chunk::new
# Possible reasons:
#   The system is out of physical RAM or swap space
#   This process is running with CompressedOops enabled, and the Java Heap may be blocking the growth of the native heap
# Possible solutions:
#   Reduce memory load on the system
#   Increase physical memory or swap space
#   Check if swap backing store is full
#   Decrease Java heap size (-Xmx/-Xms)
#   Decrease number of Java threads
#   Decrease Java thread stack sizes (-Xss)
#   Set larger code cache with -XX:ReservedCodeCacheSize=
#   JVM is running with Unscaled Compressed Oops mode in which the Java heap is
#     placed in the first 4GB address space. The Java Heap base address is the
#     maximum limit for the native heap growth. Please use -XX:HeapBaseMinAddress
#     to set the Java Heap base and to place the Java Heap above 4GB virtual address.
# This output file may be truncated or incomplete.
#
#  Out of Memory Error (arena.cpp:191), pid=20064, tid=12164
#
# JRE version: OpenJDK Runtime Environment (17.0.11) (build 17.0.11+0--11852314)
# Java VM: OpenJDK 64-Bit Server VM (17.0.11+0--11852314, mixed mode, tiered, compressed oops, compressed class ptrs, g1 gc, windows-amd64)
# No core dump will be written. Minidumps are not enabled by default on client versions of Windows
#

---------------  S U M M A R Y ------------

Command Line: --add-opens=java.base/java.util=ALL-UNNAMED --add-opens=java.base/java.lang=ALL-UNNAMED --add-opens=java.base/java.lang.invoke=ALL-UNNAMED --add-opens=java.prefs/java.util.prefs=ALL-UNNAMED --add-exports=jdk.compiler/com.sun.tools.javac.api=ALL-UNNAMED --add-exports=jdk.compiler/com.sun.tools.javac.util=ALL-UNNAMED --add-opens=java.base/java.nio.charset=ALL-UNNAMED --add-opens=java.base/java.net=ALL-UNNAMED --add-opens=java.base/java.util.concurrent.atomic=ALL-UNNAMED -Xmx2048m -Dfile.encoding=UTF-8 -Duser.country=AR -Duser.language=es -Duser.variant -javaagent:C:\Users\delfi\.gradle\wrapper\dists\gradle-8.10-bin\deqhafrv1ntovfmgh0nh3npr9\gradle-8.10\lib\agents\gradle-instrumentation-agent-8.10.jar org.gradle.launcher.daemon.bootstrap.GradleDaemon 8.10

Host: Intel(R) Core(TM) i5-8265U CPU @ 1.60GHz, 8 cores, 3G,  Windows 10 , 64 bit Build 19041 (10.0.19041.6807)
Time: Wed Feb  4 19:13:58 2026 Hora estándar de Argentina elapsed time: 100.820427 seconds (0d 0h 1m 40s)

---------------  T H R E A D  ---------------

Current thread (0x0000020ace6e2010):  JavaThread "C2 CompilerThread0" daemon [_thread_in_native, id=12164, stack(0x000000e4a3200000,0x000000e4a3300000)]


Current CompileTask:
C2: 100821 17039   !   4       java.util.concurrent.LinkedBlockingQueue::poll (128 bytes)

Stack: [0x000000e4a3200000,0x000000e4a3300000]
Native frames: (J=compiled Java code, j=interpreted, Vv=VM code, C=native code)
V  [jvm.dll+0x687bb9]
V  [jvm.dll+0x84142a]
V  [jvm.dll+0x8430ae]
V  [jvm.dll+0x843713]
V  [jvm.dll+0x24a35f]
V  [jvm.dll+0xac544]
V  [jvm.dll+0xacb8c]
V  [jvm.dll+0x120387]
V  [jvm.dll+0x619625]
V  [jvm.dll+0x617cca]
V  [jvm.dll+0x21bd48]
V  [jvm.dll+0x21b311]
V  [jvm.dll+0x1a63ed]
V  [jvm.dll+0x22b1ee]
V  [jvm.dll+0x229375]
V  [jvm.dll+0x7f5647]
V  [jvm.dll+0x7efa4a]
V  [jvm.dll+0x686a35]
C  [ucrtbase.dll+0x21bb2]
C  [KERNEL32.DLL+0x17374]
C  [ntdll.dll+0x4cc91]


---------------  P R O C E S S  ---------------

Threads class SMR info:
_java_thread_list=0x0000020ade49cca0, length=136, elements={
0x0000020ab45e06a0, 0x0000020ace439880, 0x0000020ace46df90, 0x0000020ace480070,
0x0000020ace483a60, 0x0000020ace484330, 0x0000020ace484c00, 0x0000020ace6e2010,
0x0000020ace6e7bc0, 0x0000020ace6eac80, 0x0000020ace3cfc60, 0x0000020ace96b780,
0x0000020ad305a180, 0x0000020ad42a5090, 0x0000020ad44896e0, 0x0000020ad43eb5f0,
0x0000020ad3b00fd0, 0x0000020ad3b01850, 0x0000020ad4851020, 0x0000020ad3a0d3e0,
0x0000020ad3a0d8f0, 0x0000020ad3a0c9c0, 0x0000020ad3a0b070, 0x0000020ad3a0b580,
0x0000020ad3a0ba90, 0x0000020ad3a0bfa0, 0x0000020ad3a0c4b0, 0x0000020ad3a0ced0,
0x0000020ad3a0de00, 0x0000020ad3a0e310, 0x0000020ad3a0e820, 0x0000020ad55e0420,
0x0000020ad55e1860, 0x0000020ad55defe0, 0x0000020ad55dfa00, 0x0000020ad55dff10,
0x0000020ad55e0930, 0x0000020ad55e0e40, 0x0000020ad55e1350, 0x0000020ad6761470,
0x0000020ad6761980, 0x0000020ad6760a50, 0x0000020ad67637e0, 0x0000020ad6760f60,
0x0000020ad6764200, 0x0000020ad67623a0, 0x0000020ad67628b0, 0x0000020ad6761e90,
0x0000020ad6762dc0, 0x0000020ad6764710, 0x0000020ad6763cf0, 0x0000020ad67632d0,
0x0000020ad6765640, 0x0000020ad6765b50, 0x0000020ad6764c20, 0x0000020ad675fb20,
0x0000020ad675e6e0, 0x0000020ad675f610, 0x0000020ad6760030, 0x0000020ade12edf0,
0x0000020ade12b640, 0x0000020ade12c570, 0x0000020ade130c50, 0x0000020ade12e8e0,
0x0000020ade12fd20, 0x0000020ade12ca80, 0x0000020ade12f300, 0x0000020ade130230,
0x0000020ade12bb50, 0x0000020ade12d4a0, 0x0000020ade130740, 0x0000020ade12c060,
0x0000020ade131670, 0x0000020ade131160, 0x0000020ade131b80, 0x0000020ade12f810,
0x0000020ade12cf90, 0x0000020ade12dec0, 0x0000020ade132090, 0x0000020ade12ac20,
0x0000020ade1325a0, 0x0000020ade12b130, 0x0000020ade12e3d0, 0x0000020add9bef60,
0x0000020add9bf980, 0x0000020add9c1cf0, 0x0000020add9bfe90, 0x0000020add9c2200,
0x0000020add9c3b50, 0x0000020adc957a80, 0x0000020adc9589b0, 0x0000020adc957f90,
0x0000020adc9584a0, 0x0000020add479350, 0x0000020add479860, 0x0000020adcb32e70,
0x0000020adcc285f0, 0x0000020adcc26ca0, 0x0000020adcc271b0, 0x0000020adcc276c0,
0x0000020adcc27bd0, 0x0000020adcc280e0, 0x0000020adccb9a90, 0x0000020adccb9fa0,
0x0000020adccba9c0, 0x0000020adccba4b0, 0x0000020adccb9580, 0x0000020add951450,
0x0000020add950a30, 0x0000020adc957570, 0x0000020adc958ec0, 0x0000020adc21c6a0,
0x0000020adc21c190, 0x0000020ad72f2300, 0x0000020ad72ef060, 0x0000020ad72eff90,
0x0000020add9c03a0, 0x0000020add9c2710, 0x0000020add9c12d0, 0x0000020add458a10,
0x0000020add458f20, 0x0000020add458500, 0x0000020add459430, 0x0000020add459940,
0x0000020add457ff0, 0x0000020ade1adad0, 0x0000020add9c0dc0, 0x0000020add9c4060,
0x0000020add9c17e0, 0x0000020add950520, 0x0000020adc21cbb0, 0x0000020adc21d0c0,
0x0000020ade1aef10, 0x0000020ad72f04a0, 0x0000020adc21d5d0, 0x0000020add950010
}

Java Threads: ( => current thread )
  0x0000020ab45e06a0 JavaThread "main" [_thread_blocked, id=17540, stack(0x000000e4a2500000,0x000000e4a2600000)]
  0x0000020ace439880 JavaThread "Reference Handler" daemon [_thread_blocked, id=2244, stack(0x000000e4a2c00000,0x000000e4a2d00000)]
  0x0000020ace46df90 JavaThread "Finalizer" daemon [_thread_blocked, id=13072, stack(0x000000e4a2d00000,0x000000e4a2e00000)]
  0x0000020ace480070 JavaThread "Signal Dispatcher" daemon [_thread_blocked, id=13256, stack(0x000000e4a2e00000,0x000000e4a2f00000)]
  0x0000020ace483a60 JavaThread "Attach Listener" daemon [_thread_blocked, id=19996, stack(0x000000e4a2f00000,0x000000e4a3000000)]
  0x0000020ace484330 JavaThread "Service Thread" daemon [_thread_blocked, id=22224, stack(0x000000e4a3000000,0x000000e4a3100000)]
  0x0000020ace484c00 JavaThread "Monitor Deflation Thread" daemon [_thread_blocked, id=6516, stack(0x000000e4a3100000,0x000000e4a3200000)]
=>0x0000020ace6e2010 JavaThread "C2 CompilerThread0" daemon [_thread_in_native, id=12164, stack(0x000000e4a3200000,0x000000e4a3300000)]
  0x0000020ace6e7bc0 JavaThread "C1 CompilerThread0" daemon [_thread_blocked, id=388, stack(0x000000e4a3300000,0x000000e4a3400000)]
  0x0000020ace6eac80 JavaThread "Sweeper thread" daemon [_thread_blocked, id=4172, stack(0x000000e4a3400000,0x000000e4a3500000)]
  0x0000020ace3cfc60 JavaThread "Common-Cleaner" daemon [_thread_blocked, id=14736, stack(0x000000e4a3500000,0x000000e4a3600000)]
  0x0000020ace96b780 JavaThread "Notification Thread" daemon [_thread_blocked, id=21484, stack(0x000000e4a3600000,0x000000e4a3700000)]
  0x0000020ad305a180 JavaThread "Daemon health stats" [_thread_blocked, id=7708, stack(0x000000e4a3d00000,0x000000e4a3e00000)]
  0x0000020ad42a5090 JavaThread "Incoming local TCP Connector on port 60757" [_thread_in_native, id=7076, stack(0x000000e4a3e00000,0x000000e4a3f00000)]
  0x0000020ad44896e0 JavaThread "Daemon periodic checks" [_thread_blocked, id=8836, stack(0x000000e4a3f00000,0x000000e4a4000000)]
  0x0000020ad43eb5f0 JavaThread "Daemon" [_thread_blocked, id=15520, stack(0x000000e4a4000000,0x000000e4a4100000)]
  0x0000020ad3b00fd0 JavaThread "Handler for socket connection from /127.0.0.1:60757 to /127.0.0.1:60758" [_thread_in_native, id=1016, stack(0x000000e4a4100000,0x000000e4a4200000)]
  0x0000020ad3b01850 JavaThread "Cancel handler" [_thread_blocked, id=1600, stack(0x000000e4a4200000,0x000000e4a4300000)]
  0x0000020ad4851020 JavaThread "Daemon worker" [_thread_blocked, id=4680, stack(0x000000e4a4300000,0x000000e4a4400000)]
  0x0000020ad3a0d3e0 JavaThread "Asynchronous log dispatcher for DefaultDaemonConnection: socket connection from /127.0.0.1:60757 to /127.0.0.1:60758" [_thread_blocked, id=13428, stack(0x000000e4a4400000,0x000000e4a4500000)]
  0x0000020ad3a0d8f0 JavaThread "Stdin handler" [_thread_blocked, id=20724, stack(0x000000e4a4500000,0x000000e4a4600000)]
  0x0000020ad3a0c9c0 JavaThread "Daemon client event forwarder" [_thread_blocked, id=18756, stack(0x000000e4a4600000,0x000000e4a4700000)]
  0x0000020ad3a0b070 JavaThread "Cache worker for journal cache (C:\Users\delfi\.gradle\caches\journal-1)" [_thread_blocked, id=22456, stack(0x000000e4a4a00000,0x000000e4a4b00000)]
  0x0000020ad3a0b580 JavaThread "File lock request listener" [_thread_in_native, id=20104, stack(0x000000e4a4b00000,0x000000e4a4c00000)]
  0x0000020ad3a0ba90 JavaThread "Cache worker for file hash cache (C:\Users\delfi\.gradle\caches\8.10\fileHashes)" [_thread_blocked, id=9780, stack(0x000000e4a4c00000,0x000000e4a4d00000)]
  0x0000020ad3a0bfa0 JavaThread "Cache worker for file hash cache (C:\Users\delfi\AndroidStudioProjects\Comunic\.gradle\8.10\fileHashes)" [_thread_blocked, id=15104, stack(0x000000e4a4d00000,0x000000e4a4e00000)]
  0x0000020ad3a0c4b0 JavaThread "Cache worker for Build Output Cleanup Cache (C:\Users\delfi\AndroidStudioProjects\Comunic\.gradle\buildOutputCleanup)" [_thread_blocked, id=20608, stack(0x000000e4a4e00000,0x000000e4a4f00000)]
  0x0000020ad3a0ced0 JavaThread "File watcher server" daemon [_thread_in_native, id=22072, stack(0x000000e4a4f00000,0x000000e4a5000000)]
  0x0000020ad3a0de00 JavaThread "File watcher consumer" daemon [_thread_blocked, id=21772, stack(0x000000e4a5000000,0x000000e4a5100000)]
  0x0000020ad3a0e310 JavaThread "Cache worker for checksums cache (C:\Users\delfi\AndroidStudioProjects\Comunic\.gradle\8.10\checksums)" [_thread_blocked, id=14504, stack(0x000000e4a5100000,0x000000e4a5200000)]
  0x0000020ad3a0e820 JavaThread "Cache worker for file content cache (C:\Users\delfi\.gradle\caches\8.10\fileContent)" [_thread_blocked, id=21320, stack(0x000000e4a5200000,0x000000e4a5300000)]
  0x0000020ad55e0420 JavaThread "Cache worker for cache directory md-rule (C:\Users\delfi\.gradle\caches\8.10\md-rule)" [_thread_blocked, id=22496, stack(0x000000e4a5300000,0x000000e4a5400000)]
  0x0000020ad55e1860 JavaThread "Cache worker for cache directory md-supplier (C:\Users\delfi\.gradle\caches\8.10\md-supplier)" [_thread_blocked, id=15260, stack(0x000000e4a5400000,0x000000e4a5500000)]
  0x0000020ad55defe0 JavaThread "Unconstrained build operations" [_thread_blocked, id=16652, stack(0x000000e4a5600000,0x000000e4a5700000)]
  0x0000020ad55dfa00 JavaThread "Unconstrained build operations Thread 2" [_thread_blocked, id=3500, stack(0x000000e4a5700000,0x000000e4a5800000)]
  0x0000020ad55dff10 JavaThread "Unconstrained build operations Thread 3" [_thread_blocked, id=6316, stack(0x000000e4a5800000,0x000000e4a5900000)]
  0x0000020ad55e0930 JavaThread "Unconstrained build operations Thread 4" [_thread_blocked, id=19368, stack(0x000000e4a5900000,0x000000e4a5a00000)]
  0x0000020ad55e0e40 JavaThread "Unconstrained build operations Thread 5" [_thread_blocked, id=20704, stack(0x000000e4a5a00000,0x000000e4a5b00000)]
  0x0000020ad55e1350 JavaThread "Unconstrained build operations Thread 6" [_thread_blocked, id=17508, stack(0x000000e4a5b00000,0x000000e4a5c00000)]
  0x0000020ad6761470 JavaThread "Unconstrained build operations Thread 7" [_thread_blocked, id=14304, stack(0x000000e4a5c00000,0x000000e4a5d00000)]
  0x0000020ad6761980 JavaThread "Unconstrained build operations Thread 8" [_thread_blocked, id=18232, stack(0x000000e4a5f00000,0x000000e4a6000000)]
  0x0000020ad6760a50 JavaThread "Unconstrained build operations Thread 9" [_thread_blocked, id=11304, stack(0x000000e4a6000000,0x000000e4a6100000)]
  0x0000020ad67637e0 JavaThread "Unconstrained build operations Thread 10" [_thread_blocked, id=22140, stack(0x000000e4a6100000,0x000000e4a6200000)]
  0x0000020ad6760f60 JavaThread "Unconstrained build operations Thread 11" [_thread_blocked, id=4212, stack(0x000000e4a6200000,0x000000e4a6300000)]
  0x0000020ad6764200 JavaThread "Unconstrained build operations Thread 12" [_thread_blocked, id=8936, stack(0x000000e4a6300000,0x000000e4a6400000)]
  0x0000020ad67623a0 JavaThread "Unconstrained build operations Thread 13" [_thread_blocked, id=17072, stack(0x000000e4a6400000,0x000000e4a6500000)]
  0x0000020ad67628b0 JavaThread "Unconstrained build operations Thread 14" [_thread_blocked, id=15696, stack(0x000000e4a6500000,0x000000e4a6600000)]
  0x0000020ad6761e90 JavaThread "Unconstrained build operations Thread 15" [_thread_blocked, id=19292, stack(0x000000e4a6600000,0x000000e4a6700000)]
  0x0000020ad6762dc0 JavaThread "Unconstrained build operations Thread 16" [_thread_blocked, id=17364, stack(0x000000e4a6700000,0x000000e4a6800000)]
  0x0000020ad6764710 JavaThread "Unconstrained build operations Thread 17" [_thread_blocked, id=2948, stack(0x000000e4a6800000,0x000000e4a6900000)]
  0x0000020ad6763cf0 JavaThread "Unconstrained build operations Thread 18" [_thread_blocked, id=11372, stack(0x000000e4a6900000,0x000000e4a6a00000)]
  0x0000020ad67632d0 JavaThread "Unconstrained build operations Thread 19" [_thread_blocked, id=304, stack(0x000000e4a6a00000,0x000000e4a6b00000)]
  0x0000020ad6765640 JavaThread "Unconstrained build operations Thread 20" [_thread_blocked, id=20440, stack(0x000000e4a6b00000,0x000000e4a6c00000)]
  0x0000020ad6765b50 JavaThread "Unconstrained build operations Thread 21" [_thread_blocked, id=4192, stack(0x000000e4a6c00000,0x000000e4a6d00000)]
  0x0000020ad6764c20 JavaThread "build event listener" [_thread_blocked, id=21620, stack(0x000000e4a2400000,0x000000e4a2500000)]
  0x0000020ad675fb20 JavaThread "Memory manager" [_thread_blocked, id=6800, stack(0x000000e4a2200000,0x000000e4a2300000)]
  0x0000020ad675e6e0 JavaThread "build event listener" [_thread_blocked, id=20592, stack(0x000000e4a2300000,0x000000e4a2400000)]
  0x0000020ad675f610 JavaThread "pool-3-thread-1" [_thread_blocked, id=4284, stack(0x000000e4a6e00000,0x000000e4a6f00000)]
  0x0000020ad6760030 JavaThread "build event listener" [_thread_blocked, id=4764, stack(0x000000e4a6f00000,0x000000e4a7000000)]
  0x0000020ade12edf0 JavaThread "included builds" [_thread_blocked, id=8480, stack(0x000000e4a7000000,0x000000e4a7100000)]
  0x0000020ade12b640 JavaThread "Execution worker" [_thread_blocked, id=5764, stack(0x000000e4a7100000,0x000000e4a7200000)]
  0x0000020ade12c570 JavaThread "Execution worker Thread 2" [_thread_blocked, id=3928, stack(0x000000e4a7200000,0x000000e4a7300000)]
  0x0000020ade130c50 JavaThread "Execution worker Thread 3" [_thread_blocked, id=2796, stack(0x000000e4a7300000,0x000000e4a7400000)]
  0x0000020ade12e8e0 JavaThread "Execution worker Thread 4" [_thread_blocked, id=14244, stack(0x000000e4a7400000,0x000000e4a7500000)]
  0x0000020ade12fd20 JavaThread "Execution worker Thread 5" [_thread_blocked, id=3032, stack(0x000000e4a7500000,0x000000e4a7600000)]
  0x0000020ade12ca80 JavaThread "Execution worker Thread 6" [_thread_blocked, id=15296, stack(0x000000e4a7600000,0x000000e4a7700000)]
  0x0000020ade12f300 JavaThread "Execution worker Thread 7" [_thread_blocked, id=12648, stack(0x000000e4a7700000,0x000000e4a7800000)]
  0x0000020ade130230 JavaThread "Cache worker for execution history cache (C:\Users\delfi\AndroidStudioProjects\Comunic\.gradle\8.10\executionHistory)" [_thread_blocked, id=10560, stack(0x000000e4a7800000,0x000000e4a7900000)]
  0x0000020ade12bb50 JavaThread "Unconstrained build operations Thread 22" [_thread_blocked, id=22096, stack(0x000000e4a6d00000,0x000000e4a6e00000)]
  0x0000020ade12d4a0 JavaThread "Unconstrained build operations Thread 23" [_thread_blocked, id=13612, stack(0x000000e4a7900000,0x000000e4a7a00000)]
  0x0000020ade130740 JavaThread "Unconstrained build operations Thread 24" [_thread_blocked, id=21460, stack(0x000000e4a7a00000,0x000000e4a7b00000)]
  0x0000020ade12c060 JavaThread "Unconstrained build operations Thread 25" [_thread_blocked, id=11068, stack(0x000000e4a7b00000,0x000000e4a7c00000)]
  0x0000020ade131670 JavaThread "Unconstrained build operations Thread 26" [_thread_blocked, id=9776, stack(0x000000e4a7c00000,0x000000e4a7d00000)]
  0x0000020ade131160 JavaThread "Unconstrained build operations Thread 27" [_thread_blocked, id=12224, stack(0x000000e4a7d00000,0x000000e4a7e00000)]
  0x0000020ade131b80 JavaThread "Unconstrained build operations Thread 28" [_thread_blocked, id=10432, stack(0x000000e4a7e00000,0x000000e4a7f00000)]
  0x0000020ade12f810 JavaThread "Unconstrained build operations Thread 29" [_thread_blocked, id=76, stack(0x000000e4a7f00000,0x000000e4a8000000)]
  0x0000020ade12cf90 JavaThread "Unconstrained build operations Thread 30" [_thread_blocked, id=17552, stack(0x000000e4a8000000,0x000000e4a8100000)]
  0x0000020ade12dec0 JavaThread "Unconstrained build operations Thread 31" [_thread_blocked, id=10840, stack(0x000000e4a8100000,0x000000e4a8200000)]
  0x0000020ade132090 JavaThread "Unconstrained build operations Thread 32" [_thread_blocked, id=18832, stack(0x000000e4a8200000,0x000000e4a8300000)]
  0x0000020ade12ac20 JavaThread "Unconstrained build operations Thread 33" [_thread_blocked, id=17016, stack(0x000000e4a8300000,0x000000e4a8400000)]
  0x0000020ade1325a0 JavaThread "Unconstrained build operations Thread 34" [_thread_blocked, id=12304, stack(0x000000e4a8400000,0x000000e4a8500000)]
  0x0000020ade12b130 JavaThread "Unconstrained build operations Thread 35" [_thread_blocked, id=3532, stack(0x000000e4a8500000,0x000000e4a8600000)]
  0x0000020ade12e3d0 JavaThread "Unconstrained build operations Thread 36" [_thread_blocked, id=6264, stack(0x000000e4a8600000,0x000000e4a8700000)]
  0x0000020add9bef60 JavaThread "Unconstrained build operations Thread 37" [_thread_blocked, id=3592, stack(0x000000e4a8700000,0x000000e4a8800000)]
  0x0000020add9bf980 JavaThread "Unconstrained build operations Thread 38" [_thread_blocked, id=1824, stack(0x000000e4a8800000,0x000000e4a8900000)]
  0x0000020add9c1cf0 JavaThread "Unconstrained build operations Thread 39" [_thread_blocked, id=22200, stack(0x000000e4a8900000,0x000000e4a8a00000)]
  0x0000020add9bfe90 JavaThread "Unconstrained build operations Thread 40" [_thread_blocked, id=9084, stack(0x000000e4a8a00000,0x000000e4a8b00000)]
  0x0000020add9c2200 JavaThread "Unconstrained build operations Thread 41" [_thread_blocked, id=10200, stack(0x000000e4a8b00000,0x000000e4a8c00000)]
  0x0000020add9c3b50 JavaThread "Unconstrained build operations Thread 42" [_thread_blocked, id=5880, stack(0x000000e4a8c00000,0x000000e4a8d00000)]
  0x0000020adc957a80 JavaThread "WorkerExecutor Queue" [_thread_blocked, id=22180, stack(0x000000e4a9300000,0x000000e4a9400000)]
  0x0000020adc9589b0 JavaThread "WorkerExecutor Queue Thread 2" [_thread_blocked, id=19796, stack(0x000000e4a9400000,0x000000e4a9500000)]
  0x0000020adc957f90 JavaThread "WorkerExecutor Queue Thread 3" [_thread_blocked, id=17044, stack(0x000000e4a9500000,0x000000e4a9600000)]
  0x0000020adc9584a0 JavaThread "WorkerExecutor Queue Thread 4" [_thread_blocked, id=19976, stack(0x000000e4a9600000,0x000000e4a9700000)]
  0x0000020add479350 JavaThread "Unconstrained build operations Thread 43" [_thread_blocked, id=17784, stack(0x000000e4a9700000,0x000000e4a9800000)]
  0x0000020add479860 JavaThread "WorkerExecutor Queue Thread 5" [_thread_blocked, id=22060, stack(0x000000e4a9800000,0x000000e4a9900000)]
  0x0000020adcb32e70 JavaThread "Unconstrained build operations Thread 44" [_thread_blocked, id=20284, stack(0x000000e4a9900000,0x000000e4a9a00000)]
  0x0000020adcc285f0 JavaThread "Unconstrained build operations Thread 45" [_thread_blocked, id=11512, stack(0x000000e4a9a00000,0x000000e4a9b00000)]
  0x0000020adcc26ca0 JavaThread "Unconstrained build operations Thread 46" [_thread_blocked, id=19748, stack(0x000000e4a9b00000,0x000000e4a9c00000)]
  0x0000020adcc271b0 JavaThread "Unconstrained build operations Thread 47" [_thread_blocked, id=9432, stack(0x000000e4a9c00000,0x000000e4a9d00000)]
  0x0000020adcc276c0 JavaThread "Unconstrained build operations Thread 48" [_thread_blocked, id=8596, stack(0x000000e4a9d00000,0x000000e4a9e00000)]
  0x0000020adcc27bd0 JavaThread "Unconstrained build operations Thread 49" [_thread_blocked, id=11064, stack(0x000000e4a9e00000,0x000000e4a9f00000)]
  0x0000020adcc280e0 JavaThread "Unconstrained build operations Thread 50" [_thread_blocked, id=15128, stack(0x000000e4a9f00000,0x000000e4aa000000)]
  0x0000020adccb9a90 JavaThread "Unconstrained build operations Thread 51" [_thread_blocked, id=20968, stack(0x000000e4aa000000,0x000000e4aa100000)]
  0x0000020adccb9fa0 JavaThread "Unconstrained build operations Thread 52" [_thread_blocked, id=12508, stack(0x000000e4aa100000,0x000000e4aa200000)]
  0x0000020adccba9c0 JavaThread "Unconstrained build operations Thread 53" [_thread_blocked, id=21564, stack(0x000000e4aa200000,0x000000e4aa300000)]
  0x0000020adccba4b0 JavaThread "Unconstrained build operations Thread 54" [_thread_blocked, id=20896, stack(0x000000e4aa300000,0x000000e4aa400000)]
  0x0000020adccb9580 JavaThread "Unconstrained build operations Thread 55" [_thread_blocked, id=14612, stack(0x000000e4aa400000,0x000000e4aa500000)]
  0x0000020add951450 JavaThread "Unconstrained build operations Thread 56" [_thread_blocked, id=1812, stack(0x000000e4aa500000,0x000000e4aa600000)]
  0x0000020add950a30 JavaThread "Unconstrained build operations Thread 57" [_thread_blocked, id=9688, stack(0x000000e4aa600000,0x000000e4aa700000)]
  0x0000020adc957570 JavaThread "Unconstrained build operations Thread 58" [_thread_blocked, id=11652, stack(0x000000e4aa700000,0x000000e4aa800000)]
  0x0000020adc958ec0 JavaThread "Unconstrained build operations Thread 59" [_thread_blocked, id=16368, stack(0x000000e4aa800000,0x000000e4aa900000)]
  0x0000020adc21c6a0 JavaThread "Unconstrained build operations Thread 60" [_thread_blocked, id=15852, stack(0x000000e4aa900000,0x000000e4aaa00000)]
  0x0000020adc21c190 JavaThread "Unconstrained build operations Thread 61" [_thread_blocked, id=18216, stack(0x000000e4aaa00000,0x000000e4aab00000)]
  0x0000020ad72f2300 JavaThread "Unconstrained build operations Thread 62" [_thread_blocked, id=7144, stack(0x000000e4aab00000,0x000000e4aac00000)]
  0x0000020ad72ef060 JavaThread "Unconstrained build operations Thread 63" [_thread_blocked, id=3236, stack(0x000000e4aac00000,0x000000e4aad00000)]
  0x0000020ad72eff90 JavaThread "Unconstrained build operations Thread 64" [_thread_blocked, id=11824, stack(0x000000e4aad00000,0x000000e4aae00000)]
  0x0000020add9c03a0 JavaThread "Unconstrained build operations Thread 65" [_thread_blocked, id=22424, stack(0x000000e4aae00000,0x000000e4aaf00000)]
  0x0000020add9c2710 JavaThread "Unconstrained build operations Thread 66" [_thread_blocked, id=17852, stack(0x000000e4aaf00000,0x000000e4ab000000)]
  0x0000020add9c12d0 JavaThread "Unconstrained build operations Thread 67" [_thread_blocked, id=18404, stack(0x000000e4ab000000,0x000000e4ab100000)]
  0x0000020add458a10 JavaThread "Unconstrained build operations Thread 68" [_thread_blocked, id=4124, stack(0x000000e4ab100000,0x000000e4ab200000)]
  0x0000020add458f20 JavaThread "Unconstrained build operations Thread 69" [_thread_blocked, id=17288, stack(0x000000e4ab200000,0x000000e4ab300000)]
  0x0000020add458500 JavaThread "Unconstrained build operations Thread 70" [_thread_blocked, id=18508, stack(0x000000e4ab300000,0x000000e4ab400000)]
  0x0000020add459430 JavaThread "Unconstrained build operations Thread 71" [_thread_blocked, id=13656, stack(0x000000e4ab400000,0x000000e4ab500000)]
  0x0000020add459940 JavaThread "Unconstrained build operations Thread 72" [_thread_blocked, id=7616, stack(0x000000e4ab500000,0x000000e4ab600000)]
  0x0000020add457ff0 JavaThread "Unconstrained build operations Thread 73" [_thread_blocked, id=14924, stack(0x000000e4ab600000,0x000000e4ab700000)]
  0x0000020ade1adad0 JavaThread "Unconstrained build operations Thread 74" [_thread_blocked, id=3332, stack(0x000000e4ab700000,0x000000e4ab800000)]
  0x0000020add9c0dc0 JavaThread "Unconstrained build operations Thread 75" [_thread_blocked, id=18752, stack(0x000000e4ab800000,0x000000e4ab900000)]
  0x0000020add9c4060 JavaThread "Unconstrained build operations Thread 76" [_thread_blocked, id=5816, stack(0x000000e4ab900000,0x000000e4aba00000)]
  0x0000020add9c17e0 JavaThread "Unconstrained build operations Thread 77" [_thread_blocked, id=10076, stack(0x000000e4aba00000,0x000000e4abb00000)]
  0x0000020add950520 JavaThread "Unconstrained build operations Thread 78" [_thread_blocked, id=21964, stack(0x000000e4abb00000,0x000000e4abc00000)]
  0x0000020adc21cbb0 JavaThread "Unconstrained build operations Thread 79" [_thread_blocked, id=19444, stack(0x000000e4abc00000,0x000000e4abd00000)]
  0x0000020adc21d0c0 JavaThread "Unconstrained build operations Thread 80" [_thread_blocked, id=3648, stack(0x000000e4abd00000,0x000000e4abe00000)]
  0x0000020ade1aef10 JavaThread "WorkerExecutor Queue Thread 6" [_thread_blocked, id=9048, stack(0x000000e4abe00000,0x000000e4abf00000)]
  0x0000020ad72f04a0 JavaThread "pool-4-thread-1" [_thread_blocked, id=4604, stack(0x000000e4abf00000,0x000000e4ac000000)]
  0x0000020adc21d5d0 JavaThread "stderr" [_thread_in_native, id=12964, stack(0x000000e4ac000000,0x000000e4ac100000)]
  0x0000020add950010 JavaThread "stdout" [_thread_in_native, id=3408, stack(0x000000e4ac100000,0x000000e4ac200000)]

Other Threads:
  0x0000020ace434920 VMThread "VM Thread" [stack: 0x000000e4a2b00000,0x000000e4a2c00000] [id=280]
  0x0000020ace986080 WatcherThread [stack: 0x000000e4a3700000,0x000000e4a3800000] [id=4552]
  0x0000020ab463c620 GCTaskThread "GC Thread#0" [stack: 0x000000e4a2600000,0x000000e4a2700000] [id=11588]
  0x0000020ad343ddf0 GCTaskThread "GC Thread#1" [stack: 0x000000e4a3800000,0x000000e4a3900000] [id=1916]
  0x0000020ad318c4e0 GCTaskThread "GC Thread#2" [stack: 0x000000e4a3900000,0x000000e4a3a00000] [id=18172]
  0x0000020ad4210890 GCTaskThread "GC Thread#3" [stack: 0x000000e4a3a00000,0x000000e4a3b00000] [id=17652]
  0x0000020ad4211bd0 GCTaskThread "GC Thread#4" [stack: 0x000000e4a3b00000,0x000000e4a3c00000] [id=13456]
  0x0000020ad4210310 GCTaskThread "GC Thread#5" [stack: 0x000000e4a3c00000,0x000000e4a3d00000] [id=18056]
  0x0000020ad4211910 GCTaskThread "GC Thread#6" [stack: 0x000000e4a4700000,0x000000e4a4800000] [id=16524]
  0x0000020ad42105d0 GCTaskThread "GC Thread#7" [stack: 0x000000e4a4800000,0x000000e4a4900000] [id=12552]
  0x0000020ab464d480 ConcurrentGCThread "G1 Main Marker" [stack: 0x000000e4a2700000,0x000000e4a2800000] [id=7228]
  0x0000020ab464ddb0 ConcurrentGCThread "G1 Conc#0" [stack: 0x000000e4a2800000,0x000000e4a2900000] [id=12824]
  0x0000020ad4210b50 ConcurrentGCThread "G1 Conc#1" [stack: 0x000000e4a4900000,0x000000e4a4a00000] [id=22272]
  0x0000020ab469e2b0 ConcurrentGCThread "G1 Refine#0" [stack: 0x000000e4a2900000,0x000000e4a2a00000] [id=21764]
  0x0000020ade120270 ConcurrentGCThread "G1 Refine#1" [stack: 0x000000e4a8d00000,0x000000e4a8e00000] [id=21752]
  0x0000020ade11f6b0 ConcurrentGCThread "G1 Refine#2" [stack: 0x000000e4a8e00000,0x000000e4a8f00000] [id=18788]
  0x0000020ade121410 ConcurrentGCThread "G1 Refine#3" [stack: 0x000000e4a8f00000,0x000000e4a9000000] [id=20984]
  0x0000020ade11e220 ConcurrentGCThread "G1 Refine#4" [stack: 0x000000e4a9000000,0x000000e4a9100000] [id=20136]
  0x0000020ade121700 ConcurrentGCThread "G1 Refine#5" [stack: 0x000000e4a9100000,0x000000e4a9200000] [id=12524]
  0x0000020ab469ebf0 ConcurrentGCThread "G1 Service" [stack: 0x000000e4a2a00000,0x000000e4a2b00000] [id=9800]

Threads with active compile tasks:
C2 CompilerThread0   100869 17039   !   4       java.util.concurrent.LinkedBlockingQueue::poll (128 bytes)

VM state: not at safepoint (normal execution)

VM Mutex/Monitor currently owned by a thread: None

Heap address: 0x0000000080000000, size: 2048 MB, Compressed Oops mode: 32-bit

CDS archive(s) not mapped
Compressed class space mapped at: 0x0000000100000000-0x0000000140000000, reserved size: 1073741824
Narrow klass base: 0x0000000000000000, Narrow klass shift: 3, Narrow klass range: 0x140000000

GC Precious Log:
 CPUs: 8 total, 8 available
 Memory: 3982M
 Large Page Support: Disabled
 NUMA Support: Disabled
 Compressed Oops: Enabled (32-bit)
 Heap Region Size: 1M
 Heap Min Capacity: 8M
 Heap Initial Capacity: 64M
 Heap Max Capacity: 2G
 Pre-touch: Disabled
 Parallel Workers: 8
 Concurrent Workers: 2
 Concurrent Refinement Workers: 8
 Periodic GC: Disabled

Heap:
 garbage-first heap   total 625664K, used 217357K [0x0000000080000000, 0x0000000100000000)
  region size 1024K, 52 young (53248K), 15 survivors (15360K)
 Metaspace       used 128267K, committed 129152K, reserved 1179648K
  class space    used 17178K, committed 17600K, reserved 1048576K

Heap Regions: E=young(eden), S=young(survivor), O=old, HS=humongous(starts), HC=humongous(continues), CS=collection set, F=free, OA=open archive, CA=closed archive, TAMS=top-at-mark-start (previous, next)
|   0|0x0000000080000000, 0x0000000080100000, 0x0000000080100000|100%| O|  |TAMS 0x0000000080100000, 0x0000000080000000| Untracked 
|   1|0x0000000080100000, 0x0000000080200000, 0x0000000080200000|100%| O|  |TAMS 0x0000000080200000, 0x0000000080100000| Untracked 
|   2|0x0000000080200000, 0x0000000080300000, 0x0000000080300000|100%|HS|  |TAMS 0x0000000080300000, 0x0000000080200000| Complete 
|   3|0x0000000080300000, 0x0000000080400000, 0x0000000080400000|100%|HC|  |TAMS 0x0000000080400000, 0x0000000080300000| Complete 
|   4|0x0000000080400000, 0x0000000080500000, 0x0000000080500000|100%|HC|  |TAMS 0x0000000080500000, 0x0000000080400000| Complete 
|   5|0x0000000080500000, 0x0000000080600000, 0x0000000080600000|100%|HC|  |TAMS 0x0000000080600000, 0x0000000080500000| Complete 
|   6|0x0000000080600000, 0x0000000080700000, 0x0000000080700000|100%| O|  |TAMS 0x0000000080700000, 0x0000000080600000| Untracked 
|   7|0x0000000080700000, 0x0000000080800000, 0x0000000080800000|100%| O|  |TAMS 0x0000000080800000, 0x0000000080700000| Untracked 
|   8|0x0000000080800000, 0x0000000080900000, 0x0000000080900000|100%| O|  |TAMS 0x0000000080900000, 0x0000000080800000| Untracked 
|   9|0x0000000080900000, 0x0000000080a00000, 0x0000000080a00000|100%| O|  |TAMS 0x0000000080a00000, 0x0000000080900000| Untracked 
|  10|0x0000000080a00000, 0x0000000080b00000, 0x0000000080b00000|100%| O|  |TAMS 0x0000000080b00000, 0x0000000080a00000| Untracked 
|  11|0x0000000080b00000, 0x0000000080c00000, 0x0000000080c00000|100%| O|  |TAMS 0x0000000080c00000, 0x0000000080b00000| Untracked 
|  12|0x0000000080c00000, 0x0000000080d00000, 0x0000000080d00000|100%|HS|  |TAMS 0x0000000080d00000, 0x0000000080c00000| Complete 
|  13|0x0000000080d00000, 0x0000000080e00000, 0x0000000080e00000|100%| O|  |TAMS 0x0000000080e00000, 0x0000000080d00000| Untracked 
|  14|0x0000000080e00000, 0x0000000080f00000, 0x0000000080f00000|100%| O|  |TAMS 0x0000000080f00000, 0x0000000080e00000| Untracked 
|  15|0x0000000080f00000, 0x0000000081000000, 0x0000000081000000|100%| O|  |TAMS 0x0000000081000000, 0x0000000080f00000| Untracked 
|  16|0x0000000081000000, 0x0000000081100000, 0x0000000081100000|100%| O|  |TAMS 0x0000000081100000, 0x0000000081000000| Untracked 
|  17|0x0000000081100000, 0x0000000081200000, 0x0000000081200000|100%| O|  |TAMS 0x0000000081200000, 0x0000000081100000| Untracked 
|  18|0x0000000081200000, 0x0000000081300000, 0x0000000081300000|100%| O|  |TAMS 0x0000000081300000, 0x0000000081200000| Untracked 
|  19|0x0000000081300000, 0x0000000081400000, 0x0000000081400000|100%| O|  |TAMS 0x0000000081400000, 0x0000000081300000| Untracked 
|  20|0x0000000081400000, 0x0000000081500000, 0x0000000081500000|100%| O|  |TAMS 0x0000000081500000, 0x0000000081400000| Untracked 
|  21|0x0000000081500000, 0x0000000081600000, 0x0000000081600000|100%| O|  |TAMS 0x0000000081600000, 0x0000000081500000| Untracked 
|  22|0x0000000081600000, 0x0000000081700000, 0x0000000081700000|100%| O|  |TAMS 0x0000000081700000, 0x0000000081600000| Untracked 
|  23|0x0000000081700000, 0x0000000081800000, 0x0000000081800000|100%| O|  |TAMS 0x0000000081800000, 0x0000000081700000| Untracked 
|  24|0x0000000081800000, 0x0000000081900000, 0x0000000081900000|100%| O|  |TAMS 0x0000000081900000, 0x0000000081800000| Untracked 
|  25|0x0000000081900000, 0x0000000081a00000, 0x0000000081a00000|100%| O|  |TAMS 0x0000000081a00000, 0x0000000081900000| Untracked 
|  26|0x0000000081a00000, 0x0000000081b00000, 0x0000000081b00000|100%| O|  |TAMS 0x0000000081b00000, 0x0000000081a00000| Untracked 
|  27|0x0000000081b00000, 0x0000000081c00000, 0x0000000081c00000|100%| O|  |TAMS 0x0000000081c00000, 0x0000000081b00000| Untracked 
|  28|0x0000000081c00000, 0x0000000081d00000, 0x0000000081d00000|100%| O|  |TAMS 0x0000000081d00000, 0x0000000081c00000| Untracked 
|  29|0x0000000081d00000, 0x0000000081e00000, 0x0000000081e00000|100%| O|  |TAMS 0x0000000081e00000, 0x0000000081d00000| Untracked 
|  30|0x0000000081e00000, 0x0000000081f00000, 0x0000000081f00000|100%| O|  |TAMS 0x0000000081f00000, 0x0000000081e00000| Untracked 
|  31|0x0000000081f00000, 0x0000000082000000, 0x0000000082000000|100%| O|  |TAMS 0x0000000082000000, 0x0000000081f00000| Untracked 
|  32|0x0000000082000000, 0x0000000082100000, 0x0000000082100000|100%| O|  |TAMS 0x0000000082100000, 0x0000000082000000| Untracked 
|  33|0x0000000082100000, 0x0000000082200000, 0x0000000082200000|100%| O|  |TAMS 0x0000000082200000, 0x0000000082100000| Untracked 
|  34|0x0000000082200000, 0x0000000082300000, 0x0000000082300000|100%| O|  |TAMS 0x0000000082300000, 0x0000000082200000| Untracked 
|  35|0x0000000082300000, 0x0000000082400000, 0x0000000082400000|100%| O|  |TAMS 0x0000000082400000, 0x0000000082300000| Untracked 
|  36|0x0000000082400000, 0x0000000082500000, 0x0000000082500000|100%| O|  |TAMS 0x0000000082500000, 0x0000000082400000| Untracked 
|  37|0x0000000082500000, 0x0000000082600000, 0x0000000082600000|100%| O|  |TAMS 0x0000000082600000, 0x0000000082500000| Untracked 
|  38|0x0000000082600000, 0x0000000082700000, 0x0000000082700000|100%| O|  |TAMS 0x0000000082700000, 0x0000000082600000| Untracked 
|  39|0x0000000082700000, 0x0000000082800000, 0x0000000082800000|100%| O|  |TAMS 0x0000000082800000, 0x0000000082700000| Untracked 
|  40|0x0000000082800000, 0x0000000082900000, 0x0000000082900000|100%| O|  |TAMS 0x0000000082900000, 0x0000000082800000| Untracked 
|  41|0x0000000082900000, 0x0000000082a00000, 0x0000000082a00000|100%| O|  |TAMS 0x0000000082a00000, 0x0000000082900000| Untracked 
|  42|0x0000000082a00000, 0x0000000082b00000, 0x0000000082b00000|100%| O|  |TAMS 0x0000000082b00000, 0x0000000082a00000| Untracked 
|  43|0x0000000082b00000, 0x0000000082c00000, 0x0000000082c00000|100%| O|  |TAMS 0x0000000082c00000, 0x0000000082b00000| Untracked 
|  44|0x0000000082c00000, 0x0000000082d00000, 0x0000000082d00000|100%| O|  |TAMS 0x0000000082d00000, 0x0000000082c00000| Untracked 
|  45|0x0000000082d00000, 0x0000000082e00000, 0x0000000082e00000|100%| O|  |TAMS 0x0000000082e00000, 0x0000000082d00000| Untracked 
|  46|0x0000000082e00000, 0x0000000082f00000, 0x0000000082f00000|100%| O|  |TAMS 0x0000000082f00000, 0x0000000082e00000| Untracked 
|  47|0x0000000082f00000, 0x0000000083000000, 0x0000000083000000|100%| O|  |TAMS 0x0000000083000000, 0x0000000082f00000| Untracked 
|  48|0x0000000083000000, 0x0000000083100000, 0x0000000083100000|100%|HS|  |TAMS 0x0000000083100000, 0x0000000083000000| Complete 
|  49|0x0000000083100000, 0x0000000083200000, 0x0000000083200000|100%|HS|  |TAMS 0x0000000083200000, 0x0000000083100000| Complete 
|  50|0x0000000083200000, 0x0000000083300000, 0x0000000083300000|100%| O|  |TAMS 0x0000000083300000, 0x0000000083200000| Untracked 
|  51|0x0000000083300000, 0x0000000083400000, 0x0000000083400000|100%| O|  |TAMS 0x0000000083400000, 0x0000000083300000| Untracked 
|  52|0x0000000083400000, 0x0000000083500000, 0x0000000083500000|100%|HS|  |TAMS 0x0000000083500000, 0x0000000083400000| Complete 
|  53|0x0000000083500000, 0x0000000083600000, 0x0000000083600000|100%|HC|  |TAMS 0x0000000083600000, 0x0000000083500000| Complete 
|  54|0x0000000083600000, 0x0000000083700000, 0x0000000083700000|100%|HS|  |TAMS 0x0000000083700000, 0x0000000083600000| Complete 
|  55|0x0000000083700000, 0x0000000083800000, 0x0000000083800000|100%|HC|  |TAMS 0x0000000083800000, 0x0000000083700000| Complete 
|  56|0x0000000083800000, 0x0000000083900000, 0x0000000083900000|100%|HS|  |TAMS 0x0000000083900000, 0x0000000083800000| Complete 
|  57|0x0000000083900000, 0x0000000083a00000, 0x0000000083a00000|100%|HS|  |TAMS 0x0000000083a00000, 0x0000000083900000| Complete 
|  58|0x0000000083a00000, 0x0000000083b00000, 0x0000000083b00000|100%|HC|  |TAMS 0x0000000083b00000, 0x0000000083a00000| Complete 
|  59|0x0000000083b00000, 0x0000000083c00000, 0x0000000083c00000|100%|HC|  |TAMS 0x0000000083c00000, 0x0000000083b00000| Complete 
|  60|0x0000000083c00000, 0x0000000083d00000, 0x0000000083d00000|100%|HC|  |TAMS 0x0000000083d00000, 0x0000000083c00000| Complete 
|  61|0x0000000083d00000, 0x0000000083e00000, 0x0000000083e00000|100%|HS|  |TAMS 0x0000000083e00000, 0x0000000083d00000| Complete 
|  62|0x0000000083e00000, 0x0000000083f00000, 0x0000000083f00000|100%|HS|  |TAMS 0x0000000083f00000, 0x0000000083e00000| Complete 
|  63|0x0000000083f00000, 0x0000000084000000, 0x0000000084000000|100%|HS|  |TAMS 0x0000000084000000, 0x0000000083f00000| Complete 
|  64|0x0000000084000000, 0x0000000084100000, 0x0000000084100000|100%| O|  |TAMS 0x0000000084000000, 0x0000000084000000| Untracked 
|  65|0x0000000084100000, 0x0000000084200000, 0x0000000084200000|100%| O|  |TAMS 0x0000000084200000, 0x0000000084100000| Untracked 
|  66|0x0000000084200000, 0x0000000084300000, 0x0000000084300000|100%| O|  |TAMS 0x0000000084300000, 0x0000000084200000| Untracked 
|  67|0x0000000084300000, 0x0000000084400000, 0x0000000084400000|100%| O|  |TAMS 0x0000000084400000, 0x0000000084300000| Untracked 
|  68|0x0000000084400000, 0x0000000084500000, 0x0000000084500000|100%| O|  |TAMS 0x0000000084500000, 0x0000000084400000| Untracked 
|  69|0x0000000084500000, 0x0000000084600000, 0x0000000084600000|100%| O|  |TAMS 0x0000000084600000, 0x0000000084500000| Untracked 
|  70|0x0000000084600000, 0x0000000084700000, 0x0000000084700000|100%| O|  |TAMS 0x0000000084700000, 0x0000000084600000| Untracked 
|  71|0x0000000084700000, 0x0000000084800000, 0x0000000084800000|100%| O|  |TAMS 0x0000000084800000, 0x0000000084700000| Untracked 
|  72|0x0000000084800000, 0x0000000084900000, 0x0000000084900000|100%|HS|  |TAMS 0x0000000084900000, 0x0000000084800000| Complete 
|  73|0x0000000084900000, 0x0000000084a00000, 0x0000000084a00000|100%| O|  |TAMS 0x0000000084a00000, 0x0000000084900000| Untracked 
|  74|0x0000000084a00000, 0x0000000084b00000, 0x0000000084b00000|100%| O|  |TAMS 0x0000000084b00000, 0x0000000084a00000| Untracked 
|  75|0x0000000084b00000, 0x0000000084be0400, 0x0000000084c00000| 87%| O|  |TAMS 0x0000000084be0400, 0x0000000084b00000| Untracked 
|  76|0x0000000084c00000, 0x0000000084d00000, 0x0000000084d00000|100%| O|  |TAMS 0x0000000084d00000, 0x0000000084c00000| Untracked 
|  77|0x0000000084d00000, 0x0000000084e00000, 0x0000000084e00000|100%| O|  |TAMS 0x0000000084e00000, 0x0000000084d00000| Untracked 
|  78|0x0000000084e00000, 0x0000000084f00000, 0x0000000084f00000|100%| O|  |TAMS 0x0000000084f00000, 0x0000000084e00000| Untracked 
|  79|0x0000000084f00000, 0x0000000085000000, 0x0000000085000000|100%| O|  |TAMS 0x0000000085000000, 0x0000000084f00000| Untracked 
|  80|0x0000000085000000, 0x0000000085100000, 0x0000000085100000|100%| O|  |TAMS 0x0000000085100000, 0x0000000085000000| Untracked 
|  81|0x0000000085100000, 0x0000000085200000, 0x0000000085200000|100%| O|  |TAMS 0x0000000085200000, 0x0000000085100000| Untracked 
|  82|0x0000000085200000, 0x0000000085300000, 0x0000000085300000|100%| O|  |TAMS 0x0000000085300000, 0x0000000085200000| Untracked 
|  83|0x0000000085300000, 0x0000000085400000, 0x0000000085400000|100%| O|  |TAMS 0x0000000085400000, 0x0000000085300000| Untracked 
|  84|0x0000000085400000, 0x0000000085500000, 0x0000000085500000|100%|HS|  |TAMS 0x0000000085500000, 0x0000000085400000| Complete 
|  85|0x0000000085500000, 0x0000000085600000, 0x0000000085600000|100%|HC|  |TAMS 0x0000000085600000, 0x0000000085500000| Complete 
|  86|0x0000000085600000, 0x0000000085700000, 0x0000000085700000|100%|HC|  |TAMS 0x0000000085700000, 0x0000000085600000| Complete 
|  87|0x0000000085700000, 0x0000000085800000, 0x0000000085800000|100%|HC|  |TAMS 0x0000000085800000, 0x0000000085700000| Complete 
|  88|0x0000000085800000, 0x0000000085900000, 0x0000000085900000|100%| O|  |TAMS 0x0000000085900000, 0x0000000085800000| Untracked 
|  89|0x0000000085900000, 0x0000000085a00000, 0x0000000085a00000|100%| O|  |TAMS 0x0000000085a00000, 0x0000000085900000| Untracked 
|  90|0x0000000085a00000, 0x0000000085b00000, 0x0000000085b00000|100%| O|  |TAMS 0x0000000085b00000, 0x0000000085a00000| Untracked 
|  91|0x0000000085b00000, 0x0000000085c00000, 0x0000000085c00000|100%| O|  |TAMS 0x0000000085c00000, 0x0000000085b00000| Untracked 
|  92|0x0000000085c00000, 0x0000000085d00000, 0x0000000085d00000|100%| O|  |TAMS 0x0000000085d00000, 0x0000000085c00000| Untracked 
|  93|0x0000000085d00000, 0x0000000085e00000, 0x0000000085e00000|100%| O|  |TAMS 0x0000000085e00000, 0x0000000085d00000| Untracked 
|  94|0x0000000085e00000, 0x0000000085f00000, 0x0000000085f00000|100%| O|  |TAMS 0x0000000085f00000, 0x0000000085e00000| Untracked 
|  95|0x0000000085f00000, 0x0000000086000000, 0x0000000086000000|100%| O|  |TAMS 0x0000000086000000, 0x0000000085f00000| Untracked 
|  96|0x0000000086000000, 0x0000000086100000, 0x0000000086100000|100%| O|  |TAMS 0x0000000086000000, 0x0000000086000000| Untracked 
|  97|0x0000000086100000, 0x0000000086100000, 0x0000000086200000|  0%| F|  |TAMS 0x0000000086100000, 0x0000000086100000| Untracked 
|  98|0x0000000086200000, 0x0000000086300000, 0x0000000086300000|100%| O|  |TAMS 0x0000000086300000, 0x0000000086200000| Untracked 
|  99|0x0000000086300000, 0x0000000086400000, 0x0000000086400000|100%| O|  |TAMS 0x0000000086400000, 0x0000000086300000| Untracked 
| 100|0x0000000086400000, 0x0000000086500000, 0x0000000086500000|100%| O|  |TAMS 0x0000000086500000, 0x0000000086400000| Untracked 
| 101|0x0000000086500000, 0x0000000086600000, 0x0000000086600000|100%| O|  |TAMS 0x0000000086600000, 0x0000000086500000| Untracked 
| 102|0x0000000086600000, 0x0000000086700000, 0x0000000086700000|100%| O|  |TAMS 0x0000000086700000, 0x0000000086600000| Untracked 
| 103|0x0000000086700000, 0x0000000086800000, 0x0000000086800000|100%| O|  |TAMS 0x0000000086800000, 0x0000000086700000| Untracked 
| 104|0x0000000086800000, 0x0000000086900000, 0x0000000086900000|100%| O|  |TAMS 0x0000000086900000, 0x0000000086800000| Untracked 
| 105|0x0000000086900000, 0x0000000086a00000, 0x0000000086a00000|100%| O|  |TAMS 0x0000000086a00000, 0x0000000086900000| Untracked 
| 106|0x0000000086a00000, 0x0000000086b00000, 0x0000000086b00000|100%| O|  |TAMS 0x0000000086b00000, 0x0000000086a00000| Untracked 
| 107|0x0000000086b00000, 0x0000000086c00000, 0x0000000086c00000|100%| O|  |TAMS 0x0000000086c00000, 0x0000000086b00000| Untracked 
| 108|0x0000000086c00000, 0x0000000086d00000, 0x0000000086d00000|100%| O|  |TAMS 0x0000000086d00000, 0x0000000086c00000| Untracked 
| 109|0x0000000086d00000, 0x0000000086e00000, 0x0000000086e00000|100%| O|  |TAMS 0x0000000086e00000, 0x0000000086d00000| Untracked 
| 110|0x0000000086e00000, 0x0000000086f00000, 0x0000000086f00000|100%| O|  |TAMS 0x0000000086e39200, 0x0000000086e00000| Untracked 
| 111|0x0000000086f00000, 0x0000000087000000, 0x0000000087000000|100%| O|  |TAMS 0x0000000086f00000, 0x0000000086f00000| Untracked 
| 112|0x0000000087000000, 0x0000000087100000, 0x0000000087100000|100%| O|  |TAMS 0x0000000087000000, 0x0000000087000000| Untracked 
| 113|0x0000000087100000, 0x0000000087200000, 0x0000000087200000|100%| O|  |TAMS 0x0000000087100000, 0x0000000087100000| Untracked 
| 114|0x0000000087200000, 0x0000000087300000, 0x0000000087300000|100%| O|  |TAMS 0x0000000087200000, 0x0000000087200000| Untracked 
| 115|0x0000000087300000, 0x0000000087400000, 0x0000000087400000|100%| O|  |TAMS 0x0000000087300000, 0x0000000087300000| Untracked 
| 116|0x0000000087400000, 0x0000000087500000, 0x0000000087500000|100%| O|  |TAMS 0x0000000087400000, 0x0000000087400000| Untracked 
| 117|0x0000000087500000, 0x0000000087600000, 0x0000000087600000|100%| O|  |TAMS 0x0000000087500000, 0x0000000087500000| Untracked 
| 118|0x0000000087600000, 0x0000000087700000, 0x0000000087700000|100%| O|  |TAMS 0x0000000087600000, 0x0000000087600000| Untracked 
| 119|0x0000000087700000, 0x0000000087800000, 0x0000000087800000|100%| O|  |TAMS 0x0000000087700000, 0x0000000087700000| Untracked 
| 120|0x0000000087800000, 0x0000000087900000, 0x0000000087900000|100%| O|  |TAMS 0x0000000087800000, 0x0000000087800000| Untracked 
| 121|0x0000000087900000, 0x0000000087a00000, 0x0000000087a00000|100%| O|  |TAMS 0x0000000087900000, 0x0000000087900000| Untracked 
| 122|0x0000000087a00000, 0x0000000087b00000, 0x0000000087b00000|100%| O|  |TAMS 0x0000000087a00000, 0x0000000087a00000| Untracked 
| 123|0x0000000087b00000, 0x0000000087c00000, 0x0000000087c00000|100%| O|  |TAMS 0x0000000087b00000, 0x0000000087b00000| Untracked 
| 124|0x0000000087c00000, 0x0000000087d00000, 0x0000000087d00000|100%| O|  |TAMS 0x0000000087c00000, 0x0000000087c00000| Untracked 
| 125|0x0000000087d00000, 0x0000000087e00000, 0x0000000087e00000|100%| O|  |TAMS 0x0000000087d00000, 0x0000000087d00000| Untracked 
| 126|0x0000000087e00000, 0x0000000087f00000, 0x0000000087f00000|100%| O|  |TAMS 0x0000000087e00000, 0x0000000087e00000| Untracked 
| 127|0x0000000087f00000, 0x0000000088000000, 0x0000000088000000|100%| O|  |TAMS 0x0000000087f00000, 0x0000000087f00000| Untracked 
| 128|0x0000000088000000, 0x0000000088100000, 0x0000000088100000|100%| O|  |TAMS 0x0000000088000000, 0x0000000088000000| Untracked 
| 129|0x0000000088100000, 0x0000000088200000, 0x0000000088200000|100%| O|  |TAMS 0x0000000088100000, 0x0000000088100000| Untracked 
| 130|0x0000000088200000, 0x0000000088300000, 0x0000000088300000|100%| O|  |TAMS 0x0000000088200000, 0x0000000088200000| Untracked 
| 131|0x0000000088300000, 0x0000000088400000, 0x0000000088400000|100%| O|  |TAMS 0x0000000088300000, 0x0000000088300000| Untracked 
| 132|0x0000000088400000, 0x0000000088500000, 0x0000000088500000|100%| O|  |TAMS 0x0000000088400000, 0x0000000088400000| Untracked 
| 133|0x0000000088500000, 0x0000000088600000, 0x0000000088600000|100%| O|  |TAMS 0x0000000088500000, 0x0000000088500000| Untracked 
| 134|0x0000000088600000, 0x0000000088700000, 0x0000000088700000|100%| O|  |TAMS 0x0000000088600000, 0x0000000088600000| Untracked 
| 135|0x0000000088700000, 0x0000000088800000, 0x0000000088800000|100%| O|  |TAMS 0x0000000088700000, 0x0000000088700000| Untracked 
| 136|0x0000000088800000, 0x0000000088900000, 0x0000000088900000|100%| O|  |TAMS 0x0000000088800000, 0x0000000088800000| Untracked 
| 137|0x0000000088900000, 0x0000000088a00000, 0x0000000088a00000|100%| O|  |TAMS 0x0000000088900000, 0x0000000088900000| Untracked 
| 138|0x0000000088a00000, 0x0000000088b00000, 0x0000000088b00000|100%| O|  |TAMS 0x0000000088a00000, 0x0000000088a00000| Untracked 
| 139|0x0000000088b00000, 0x0000000088c00000, 0x0000000088c00000|100%| O|  |TAMS 0x0000000088b00000, 0x0000000088b00000| Untracked 
| 140|0x0000000088c00000, 0x0000000088d00000, 0x0000000088d00000|100%| O|  |TAMS 0x0000000088c00000, 0x0000000088c00000| Untracked 
| 141|0x0000000088d00000, 0x0000000088e00000, 0x0000000088e00000|100%| O|  |TAMS 0x0000000088d00000, 0x0000000088d00000| Untracked 
| 142|0x0000000088e00000, 0x0000000088f00000, 0x0000000088f00000|100%| O|  |TAMS 0x0000000088e00000, 0x0000000088e00000| Untracked 
| 143|0x0000000088f00000, 0x0000000089000000, 0x0000000089000000|100%| O|  |TAMS 0x0000000088f00000, 0x0000000088f00000| Untracked 
| 144|0x0000000089000000, 0x0000000089100000, 0x0000000089100000|100%| O|  |TAMS 0x0000000089000000, 0x0000000089000000| Untracked 
| 145|0x0000000089100000, 0x0000000089200000, 0x0000000089200000|100%| O|  |TAMS 0x0000000089100000, 0x0000000089100000| Untracked 
| 146|0x0000000089200000, 0x0000000089300000, 0x0000000089300000|100%| O|  |TAMS 0x0000000089200000, 0x0000000089200000| Untracked 
| 147|0x0000000089300000, 0x0000000089400000, 0x0000000089400000|100%| O|  |TAMS 0x0000000089300000, 0x0000000089300000| Untracked 
| 148|0x0000000089400000, 0x0000000089500000, 0x0000000089500000|100%| O|  |TAMS 0x0000000089400000, 0x0000000089400000| Untracked 
| 149|0x0000000089500000, 0x0000000089600000, 0x0000000089600000|100%| O|  |TAMS 0x0000000089500000, 0x0000000089500000| Untracked 
| 150|0x0000000089600000, 0x0000000089700000, 0x0000000089700000|100%| O|  |TAMS 0x0000000089600000, 0x0000000089600000| Untracked 
| 151|0x0000000089700000, 0x0000000089800000, 0x0000000089800000|100%| O|  |TAMS 0x0000000089700000, 0x0000000089700000| Untracked 
| 152|0x0000000089800000, 0x0000000089900000, 0x0000000089900000|100%| O|  |TAMS 0x0000000089800000, 0x0000000089800000| Untracked 
| 153|0x0000000089900000, 0x0000000089a00000, 0x0000000089a00000|100%| O|  |TAMS 0x0000000089900000, 0x0000000089900000| Untracked 
| 154|0x0000000089a00000, 0x0000000089b00000, 0x0000000089b00000|100%| O|  |TAMS 0x0000000089a00000, 0x0000000089a00000| Untracked 
| 155|0x0000000089b00000, 0x0000000089c00000, 0x0000000089c00000|100%| O|  |TAMS 0x0000000089b00000, 0x0000000089b00000| Untracked 
| 156|0x0000000089c00000, 0x0000000089d00000, 0x0000000089d00000|100%| O|  |TAMS 0x0000000089c00000, 0x0000000089c00000| Untracked 
| 157|0x0000000089d00000, 0x0000000089e00000, 0x0000000089e00000|100%| O|  |TAMS 0x0000000089d00000, 0x0000000089d00000| Untracked 
| 158|0x0000000089e00000, 0x0000000089f00000, 0x0000000089f00000|100%| O|  |TAMS 0x0000000089e00000, 0x0000000089e00000| Untracked 
| 159|0x0000000089f00000, 0x000000008a000000, 0x000000008a000000|100%| O|  |TAMS 0x0000000089f00000, 0x0000000089f00000| Untracked 
| 160|0x000000008a000000, 0x000000008a100000, 0x000000008a100000|100%| O|  |TAMS 0x000000008a000000, 0x000000008a000000| Untracked 
| 161|0x000000008a100000, 0x000000008a200000, 0x000000008a200000|100%| O|  |TAMS 0x000000008a100000, 0x000000008a100000| Untracked 
| 162|0x000000008a200000, 0x000000008a2eb200, 0x000000008a300000| 91%| O|  |TAMS 0x000000008a200000, 0x000000008a200000| Untracked 
| 163|0x000000008a300000, 0x000000008a300000, 0x000000008a400000|  0%| F|  |TAMS 0x000000008a300000, 0x000000008a300000| Untracked 
| 164|0x000000008a400000, 0x000000008a400000, 0x000000008a500000|  0%| F|  |TAMS 0x000000008a400000, 0x000000008a400000| Untracked 
| 165|0x000000008a500000, 0x000000008a500000, 0x000000008a600000|  0%| F|  |TAMS 0x000000008a500000, 0x000000008a500000| Untracked 
| 166|0x000000008a600000, 0x000000008a600000, 0x000000008a700000|  0%| F|  |TAMS 0x000000008a600000, 0x000000008a600000| Untracked 
| 167|0x000000008a700000, 0x000000008a700000, 0x000000008a800000|  0%| F|  |TAMS 0x000000008a700000, 0x000000008a700000| Untracked 
| 168|0x000000008a800000, 0x000000008a800000, 0x000000008a900000|  0%| F|  |TAMS 0x000000008a800000, 0x000000008a800000| Untracked 
| 169|0x000000008a900000, 0x000000008a900000, 0x000000008aa00000|  0%| F|  |TAMS 0x000000008a900000, 0x000000008a900000| Untracked 
| 170|0x000000008aa00000, 0x000000008aa00000, 0x000000008ab00000|  0%| F|  |TAMS 0x000000008aa00000, 0x000000008aa00000| Untracked 
| 171|0x000000008ab00000, 0x000000008ab00000, 0x000000008ac00000|  0%| F|  |TAMS 0x000000008ab00000, 0x000000008ab00000| Untracked 
| 172|0x000000008ac00000, 0x000000008ac00000, 0x000000008ad00000|  0%| F|  |TAMS 0x000000008ac00000, 0x000000008ac00000| Untracked 
| 173|0x000000008ad00000, 0x000000008ad00000, 0x000000008ae00000|  0%| F|  |TAMS 0x000000008ad00000, 0x000000008ad00000| Untracked 
| 174|0x000000008ae00000, 0x000000008ae00000, 0x000000008af00000|  0%| F|  |TAMS 0x000000008ae00000, 0x000000008ae00000| Untracked 
| 175|0x000000008af00000, 0x000000008af00000, 0x000000008b000000|  0%| F|  |TAMS 0x000000008af00000, 0x000000008af00000| Untracked 
| 176|0x000000008b000000, 0x000000008b000000, 0x000000008b100000|  0%| F|  |TAMS 0x000000008b000000, 0x000000008b000000| Untracked 
| 177|0x000000008b100000, 0x000000008b100000, 0x000000008b200000|  0%| F|  |TAMS 0x000000008b100000, 0x000000008b100000| Untracked 
| 178|0x000000008b200000, 0x000000008b200000, 0x000000008b300000|  0%| F|  |TAMS 0x000000008b200000, 0x000000008b200000| Untracked 
| 179|0x000000008b300000, 0x000000008b300000, 0x000000008b400000|  0%| F|  |TAMS 0x000000008b300000, 0x000000008b300000| Untracked 
| 180|0x000000008b400000, 0x000000008b400000, 0x000000008b500000|  0%| F|  |TAMS 0x000000008b400000, 0x000000008b400000| Untracked 
| 181|0x000000008b500000, 0x000000008b500000, 0x000000008b600000|  0%| F|  |TAMS 0x000000008b500000, 0x000000008b500000| Untracked 
| 182|0x000000008b600000, 0x000000008b600000, 0x000000008b700000|  0%| F|  |TAMS 0x000000008b600000, 0x000000008b600000| Untracked 
| 183|0x000000008b700000, 0x000000008b700000, 0x000000008b800000|  0%| F|  |TAMS 0x000000008b700000, 0x000000008b700000| Untracked 
| 184|0x000000008b800000, 0x000000008b800000, 0x000000008b900000|  0%| F|  |TAMS 0x000000008b800000, 0x000000008b800000| Untracked 
| 185|0x000000008b900000, 0x000000008b900000, 0x000000008ba00000|  0%| F|  |TAMS 0x000000008b900000, 0x000000008b900000| Untracked 
| 186|0x000000008ba00000, 0x000000008ba00000, 0x000000008bb00000|  0%| F|  |TAMS 0x000000008ba00000, 0x000000008ba00000| Untracked 
| 187|0x000000008bb00000, 0x000000008bb00000, 0x000000008bc00000|  0%| F|  |TAMS 0x000000008bb00000, 0x000000008bb00000| Untracked 
| 188|0x000000008bc00000, 0x000000008bc00000, 0x000000008bd00000|  0%| F|  |TAMS 0x000000008bc00000, 0x000000008bc00000| Untracked 
| 189|0x000000008bd00000, 0x000000008bd00000, 0x000000008be00000|  0%| F|  |TAMS 0x000000008bd00000, 0x000000008bd00000| Untracked 
| 190|0x000000008be00000, 0x000000008be00000, 0x000000008bf00000|  0%| F|  |TAMS 0x000000008be00000, 0x000000008be00000| Untracked 
| 191|0x000000008bf00000, 0x000000008bf00000, 0x000000008c000000|  0%| F|  |TAMS 0x000000008bf00000, 0x000000008bf00000| Untracked 
| 192|0x000000008c000000, 0x000000008c000000, 0x000000008c100000|  0%| F|  |TAMS 0x000000008c000000, 0x000000008c000000| Untracked 
| 193|0x000000008c100000, 0x000000008c100000, 0x000000008c200000|  0%| F|  |TAMS 0x000000008c100000, 0x000000008c100000| Untracked 
| 194|0x000000008c200000, 0x000000008c200000, 0x000000008c300000|  0%| F|  |TAMS 0x000000008c200000, 0x000000008c200000| Untracked 
| 195|0x000000008c300000, 0x000000008c300000, 0x000000008c400000|  0%| F|  |TAMS 0x000000008c300000, 0x000000008c300000| Untracked 
| 196|0x000000008c400000, 0x000000008c400000, 0x000000008c500000|  0%| F|  |TAMS 0x000000008c400000, 0x000000008c400000| Untracked 
| 197|0x000000008c500000, 0x000000008c500000, 0x000000008c600000|  0%| F|  |TAMS 0x000000008c500000, 0x000000008c500000| Untracked 
| 198|0x000000008c600000, 0x000000008c600000, 0x000000008c700000|  0%| F|  |TAMS 0x000000008c600000, 0x000000008c600000| Untracked 
| 199|0x000000008c700000, 0x000000008c700000, 0x000000008c800000|  0%| F|  |TAMS 0x000000008c700000, 0x000000008c700000| Untracked 
| 200|0x000000008c800000, 0x000000008c800000, 0x000000008c900000|  0%| F|  |TAMS 0x000000008c800000, 0x000000008c800000| Untracked 
| 201|0x000000008c900000, 0x000000008c900000, 0x000000008ca00000|  0%| F|  |TAMS 0x000000008c900000, 0x000000008c900000| Untracked 
| 202|0x000000008ca00000, 0x000000008ca00000, 0x000000008cb00000|  0%| F|  |TAMS 0x000000008ca00000, 0x000000008ca00000| Untracked 
| 203|0x000000008cb00000, 0x000000008cb00000, 0x000000008cc00000|  0%| F|  |TAMS 0x000000008cb00000, 0x000000008cb00000| Untracked 
| 204|0x000000008cc00000, 0x000000008cc00000, 0x000000008cd00000|  0%| F|  |TAMS 0x000000008cc00000, 0x000000008cc00000| Untracked 
| 205|0x000000008cd00000, 0x000000008cd00000, 0x000000008ce00000|  0%| F|  |TAMS 0x000000008cd00000, 0x000000008cd00000| Untracked 
| 206|0x000000008ce00000, 0x000000008ce00000, 0x000000008cf00000|  0%| F|  |TAMS 0x000000008ce00000, 0x000000008ce00000| Untracked 
| 207|0x000000008cf00000, 0x000000008cf00000, 0x000000008d000000|  0%| F|  |TAMS 0x000000008cf00000, 0x000000008cf00000| Untracked 
| 208|0x000000008d000000, 0x000000008d000000, 0x000000008d100000|  0%| F|  |TAMS 0x000000008d000000, 0x000000008d000000| Untracked 
| 209|0x000000008d100000, 0x000000008d100000, 0x000000008d200000|  0%| F|  |TAMS 0x000000008d100000, 0x000000008d100000| Untracked 
| 210|0x000000008d200000, 0x000000008d200000, 0x000000008d300000|  0%| F|  |TAMS 0x000000008d200000, 0x000000008d200000| Untracked 
| 211|0x000000008d300000, 0x000000008d300000, 0x000000008d400000|  0%| F|  |TAMS 0x000000008d300000, 0x000000008d300000| Untracked 
| 212|0x000000008d400000, 0x000000008d400000, 0x000000008d500000|  0%| F|  |TAMS 0x000000008d400000, 0x000000008d400000| Untracked 
| 213|0x000000008d500000, 0x000000008d500000, 0x000000008d600000|  0%| F|  |TAMS 0x000000008d500000, 0x000000008d500000| Untracked 
| 214|0x000000008d600000, 0x000000008d600000, 0x000000008d700000|  0%| F|  |TAMS 0x000000008d600000, 0x000000008d600000| Untracked 
| 215|0x000000008d700000, 0x000000008d700000, 0x000000008d800000|  0%| F|  |TAMS 0x000000008d700000, 0x000000008d700000| Untracked 
| 216|0x000000008d800000, 0x000000008d800000, 0x000000008d900000|  0%| F|  |TAMS 0x000000008d800000, 0x000000008d800000| Untracked 
| 217|0x000000008d900000, 0x000000008d900000, 0x000000008da00000|  0%| F|  |TAMS 0x000000008d900000, 0x000000008d900000| Untracked 
| 218|0x000000008da00000, 0x000000008da00000, 0x000000008db00000|  0%| F|  |TAMS 0x000000008da00000, 0x000000008da00000| Untracked 
| 219|0x000000008db00000, 0x000000008db00000, 0x000000008dc00000|  0%| F|  |TAMS 0x000000008db00000, 0x000000008db00000| Untracked 
| 220|0x000000008dc00000, 0x000000008dc00000, 0x000000008dd00000|  0%| F|  |TAMS 0x000000008dc00000, 0x000000008dc00000| Untracked 
| 221|0x000000008dd00000, 0x000000008dd00000, 0x000000008de00000|  0%| F|  |TAMS 0x000000008dd00000, 0x000000008dd00000| Untracked 
| 222|0x000000008de00000, 0x000000008de00000, 0x000000008df00000|  0%| F|  |TAMS 0x000000008de00000, 0x000000008de00000| Untracked 
| 223|0x000000008df00000, 0x000000008df00000, 0x000000008e000000|  0%| F|  |TAMS 0x000000008df00000, 0x000000008df00000| Untracked 
| 224|0x000000008e000000, 0x000000008e000000, 0x000000008e100000|  0%| F|  |TAMS 0x000000008e000000, 0x000000008e000000| Untracked 
| 225|0x000000008e100000, 0x000000008e100000, 0x000000008e200000|  0%| F|  |TAMS 0x000000008e100000, 0x000000008e100000| Untracked 
| 226|0x000000008e200000, 0x000000008e200000, 0x000000008e300000|  0%| F|  |TAMS 0x000000008e200000, 0x000000008e200000| Untracked 
| 227|0x000000008e300000, 0x000000008e300000, 0x000000008e400000|  0%| F|  |TAMS 0x000000008e300000, 0x000000008e300000| Untracked 
| 228|0x000000008e400000, 0x000000008e400000, 0x000000008e500000|  0%| F|  |TAMS 0x000000008e400000, 0x000000008e400000| Untracked 
| 229|0x000000008e500000, 0x000000008e500000, 0x000000008e600000|  0%| F|  |TAMS 0x000000008e500000, 0x000000008e500000| Untracked 
| 230|0x000000008e600000, 0x000000008e600000, 0x000000008e700000|  0%| F|  |TAMS 0x000000008e600000, 0x000000008e600000| Untracked 
| 231|0x000000008e700000, 0x000000008e700000, 0x000000008e800000|  0%| F|  |TAMS 0x000000008e700000, 0x000000008e700000| Untracked 
| 232|0x000000008e800000, 0x000000008e800000, 0x000000008e900000|  0%| F|  |TAMS 0x000000008e800000, 0x000000008e800000| Untracked 
| 233|0x000000008e900000, 0x000000008e900000, 0x000000008ea00000|  0%| F|  |TAMS 0x000000008e900000, 0x000000008e900000| Untracked 
| 234|0x000000008ea00000, 0x000000008ea00000, 0x000000008eb00000|  0%| F|  |TAMS 0x000000008ea00000, 0x000000008ea00000| Untracked 
| 235|0x000000008eb00000, 0x000000008eb00000, 0x000000008ec00000|  0%| F|  |TAMS 0x000000008eb00000, 0x000000008eb00000| Untracked 
| 236|0x000000008ec00000, 0x000000008ec00000, 0x000000008ed00000|  0%| F|  |TAMS 0x000000008ec00000, 0x000000008ec00000| Untracked 
| 237|0x000000008ed00000, 0x000000008ed00000, 0x000000008ee00000|  0%| F|  |TAMS 0x000000008ed00000, 0x000000008ed00000| Untracked 
| 238|0x000000008ee00000, 0x000000008ee00000, 0x000000008ef00000|  0%| F|  |TAMS 0x000000008ee00000, 0x000000008ee00000| Untracked 
| 239|0x000000008ef00000, 0x000000008ef00000, 0x000000008f000000|  0%| F|  |TAMS 0x000000008ef00000, 0x000000008ef00000| Untracked 
| 240|0x000000008f000000, 0x000000008f000000, 0x000000008f100000|  0%| F|  |TAMS 0x000000008f000000, 0x000000008f000000| Untracked 
| 241|0x000000008f100000, 0x000000008f100000, 0x000000008f200000|  0%| F|  |TAMS 0x000000008f100000, 0x000000008f100000| Untracked 
| 242|0x000000008f200000, 0x000000008f200000, 0x000000008f300000|  0%| F|  |TAMS 0x000000008f200000, 0x000000008f200000| Untracked 
| 243|0x000000008f300000, 0x000000008f300000, 0x000000008f400000|  0%| F|  |TAMS 0x000000008f300000, 0x000000008f300000| Untracked 
| 244|0x000000008f400000, 0x000000008f400000, 0x000000008f500000|  0%| F|  |TAMS 0x000000008f400000, 0x000000008f400000| Untracked 
| 245|0x000000008f500000, 0x000000008f500000, 0x000000008f600000|  0%| F|  |TAMS 0x000000008f500000, 0x000000008f500000| Untracked 
| 246|0x000000008f600000, 0x000000008f600000, 0x000000008f700000|  0%| F|  |TAMS 0x000000008f600000, 0x000000008f600000| Untracked 
| 247|0x000000008f700000, 0x000000008f700000, 0x000000008f800000|  0%| F|  |TAMS 0x000000008f700000, 0x000000008f700000| Untracked 
| 248|0x000000008f800000, 0x000000008f800000, 0x000000008f900000|  0%| F|  |TAMS 0x000000008f800000, 0x000000008f800000| Untracked 
| 249|0x000000008f900000, 0x000000008f900000, 0x000000008fa00000|  0%| F|  |TAMS 0x000000008f900000, 0x000000008f900000| Untracked 
| 250|0x000000008fa00000, 0x000000008fa00000, 0x000000008fb00000|  0%| F|  |TAMS 0x000000008fa00000, 0x000000008fa00000| Untracked 
| 251|0x000000008fb00000, 0x000000008fb00000, 0x000000008fc00000|  0%| F|  |TAMS 0x000000008fb00000, 0x000000008fb00000| Untracked 
| 252|0x000000008fc00000, 0x000000008fc00000, 0x000000008fd00000|  0%| F|  |TAMS 0x000000008fc00000, 0x000000008fc00000| Untracked 
| 253|0x000000008fd00000, 0x000000008fd00000, 0x000000008fe00000|  0%| F|  |TAMS 0x000000008fd00000, 0x000000008fd00000| Untracked 
| 254|0x000000008fe00000, 0x000000008fe00000, 0x000000008ff00000|  0%| F|  |TAMS 0x000000008fe00000, 0x000000008fe00000| Untracked 
| 255|0x000000008ff00000, 0x000000008ff00000, 0x0000000090000000|  0%| F|  |TAMS 0x000000008ff00000, 0x000000008ff00000| Untracked 
| 256|0x0000000090000000, 0x0000000090000000, 0x0000000090100000|  0%| F|  |TAMS 0x0000000090000000, 0x0000000090000000| Untracked 
| 257|0x0000000090100000, 0x0000000090100000, 0x0000000090200000|  0%| F|  |TAMS 0x0000000090100000, 0x0000000090100000| Untracked 
| 258|0x0000000090200000, 0x0000000090200000, 0x0000000090300000|  0%| F|  |TAMS 0x0000000090200000, 0x0000000090200000| Untracked 
| 259|0x0000000090300000, 0x0000000090300000, 0x0000000090400000|  0%| F|  |TAMS 0x0000000090300000, 0x0000000090300000| Untracked 
| 260|0x0000000090400000, 0x0000000090400000, 0x0000000090500000|  0%| F|  |TAMS 0x0000000090400000, 0x0000000090400000| Untracked 
| 261|0x0000000090500000, 0x0000000090500000, 0x0000000090600000|  0%| F|  |TAMS 0x0000000090500000, 0x0000000090500000| Untracked 
| 262|0x0000000090600000, 0x0000000090600000, 0x0000000090700000|  0%| F|  |TAMS 0x0000000090600000, 0x0000000090600000| Untracked 
| 263|0x0000000090700000, 0x0000000090700000, 0x0000000090800000|  0%| F|  |TAMS 0x0000000090700000, 0x0000000090700000| Untracked 
| 264|0x0000000090800000, 0x0000000090800000, 0x0000000090900000|  0%| F|  |TAMS 0x0000000090800000, 0x0000000090800000| Untracked 
| 265|0x0000000090900000, 0x0000000090900000, 0x0000000090a00000|  0%| F|  |TAMS 0x0000000090900000, 0x0000000090900000| Untracked 
| 266|0x0000000090a00000, 0x0000000090a00000, 0x0000000090b00000|  0%| F|  |TAMS 0x0000000090a00000, 0x0000000090a00000| Untracked 
| 267|0x0000000090b00000, 0x0000000090b00000, 0x0000000090c00000|  0%| F|  |TAMS 0x0000000090b00000, 0x0000000090b00000| Untracked 
| 268|0x0000000090c00000, 0x0000000090c00000, 0x0000000090d00000|  0%| F|  |TAMS 0x0000000090c00000, 0x0000000090c00000| Untracked 
| 269|0x0000000090d00000, 0x0000000090d00000, 0x0000000090e00000|  0%| F|  |TAMS 0x0000000090d00000, 0x0000000090d00000| Untracked 
| 270|0x0000000090e00000, 0x0000000090e00000, 0x0000000090f00000|  0%| F|  |TAMS 0x0000000090e00000, 0x0000000090e00000| Untracked 
| 271|0x0000000090f00000, 0x0000000090f00000, 0x0000000091000000|  0%| F|  |TAMS 0x0000000090f00000, 0x0000000090f00000| Untracked 
| 272|0x0000000091000000, 0x0000000091000000, 0x0000000091100000|  0%| F|  |TAMS 0x0000000091000000, 0x0000000091000000| Untracked 
| 273|0x0000000091100000, 0x0000000091100000, 0x0000000091200000|  0%| F|  |TAMS 0x0000000091100000, 0x0000000091100000| Untracked 
| 274|0x0000000091200000, 0x0000000091200000, 0x0000000091300000|  0%| F|  |TAMS 0x0000000091200000, 0x0000000091200000| Untracked 
| 275|0x0000000091300000, 0x0000000091300000, 0x0000000091400000|  0%| F|  |TAMS 0x0000000091300000, 0x0000000091300000| Untracked 
| 276|0x0000000091400000, 0x0000000091400000, 0x0000000091500000|  0%| F|  |TAMS 0x0000000091400000, 0x0000000091400000| Untracked 
| 277|0x0000000091500000, 0x0000000091500000, 0x0000000091600000|  0%| F|  |TAMS 0x0000000091500000, 0x0000000091500000| Untracked 
| 278|0x0000000091600000, 0x0000000091600000, 0x0000000091700000|  0%| F|  |TAMS 0x0000000091600000, 0x0000000091600000| Untracked 
| 279|0x0000000091700000, 0x0000000091700000, 0x0000000091800000|  0%| F|  |TAMS 0x0000000091700000, 0x0000000091700000| Untracked 
| 280|0x0000000091800000, 0x0000000091800000, 0x0000000091900000|  0%| F|  |TAMS 0x0000000091800000, 0x0000000091800000| Untracked 
| 281|0x0000000091900000, 0x0000000091900000, 0x0000000091a00000|  0%| F|  |TAMS 0x0000000091900000, 0x0000000091900000| Untracked 
| 282|0x0000000091a00000, 0x0000000091a00000, 0x0000000091b00000|  0%| F|  |TAMS 0x0000000091a00000, 0x0000000091a00000| Untracked 
| 283|0x0000000091b00000, 0x0000000091b00000, 0x0000000091c00000|  0%| F|  |TAMS 0x0000000091b00000, 0x0000000091b00000| Untracked 
| 284|0x0000000091c00000, 0x0000000091c00000, 0x0000000091d00000|  0%| F|  |TAMS 0x0000000091c00000, 0x0000000091c00000| Untracked 
| 285|0x0000000091d00000, 0x0000000091d00000, 0x0000000091e00000|  0%| F|  |TAMS 0x0000000091d00000, 0x0000000091d00000| Untracked 
| 286|0x0000000091e00000, 0x0000000091e00000, 0x0000000091f00000|  0%| F|  |TAMS 0x0000000091e00000, 0x0000000091e00000| Untracked 
| 287|0x0000000091f00000, 0x0000000091f00000, 0x0000000092000000|  0%| F|  |TAMS 0x0000000091f00000, 0x0000000091f00000| Untracked 
| 288|0x0000000092000000, 0x0000000092000000, 0x0000000092100000|  0%| F|  |TAMS 0x0000000092000000, 0x0000000092000000| Untracked 
| 289|0x0000000092100000, 0x0000000092100000, 0x0000000092200000|  0%| F|  |TAMS 0x0000000092100000, 0x0000000092100000| Untracked 
| 290|0x0000000092200000, 0x0000000092200000, 0x0000000092300000|  0%| F|  |TAMS 0x0000000092200000, 0x0000000092200000| Untracked 
| 291|0x0000000092300000, 0x0000000092300000, 0x0000000092400000|  0%| F|  |TAMS 0x0000000092300000, 0x0000000092300000| Untracked 
| 292|0x0000000092400000, 0x0000000092400000, 0x0000000092500000|  0%| F|  |TAMS 0x0000000092400000, 0x0000000092400000| Untracked 
| 293|0x0000000092500000, 0x0000000092500000, 0x0000000092600000|  0%| F|  |TAMS 0x0000000092500000, 0x0000000092500000| Untracked 
| 294|0x0000000092600000, 0x0000000092600000, 0x0000000092700000|  0%| F|  |TAMS 0x0000000092600000, 0x0000000092600000| Untracked 
| 295|0x0000000092700000, 0x0000000092700000, 0x0000000092800000|  0%| F|  |TAMS 0x0000000092700000, 0x0000000092700000| Untracked 
| 296|0x0000000092800000, 0x0000000092800000, 0x0000000092900000|  0%| F|  |TAMS 0x0000000092800000, 0x0000000092800000| Untracked 
| 297|0x0000000092900000, 0x0000000092900000, 0x0000000092a00000|  0%| F|  |TAMS 0x0000000092900000, 0x0000000092900000| Untracked 
| 298|0x0000000092a00000, 0x0000000092a00000, 0x0000000092b00000|  0%| F|  |TAMS 0x0000000092a00000, 0x0000000092a00000| Untracked 
| 299|0x0000000092b00000, 0x0000000092b00000, 0x0000000092c00000|  0%| F|  |TAMS 0x0000000092b00000, 0x0000000092b00000| Untracked 
| 300|0x0000000092c00000, 0x0000000092c00000, 0x0000000092d00000|  0%| F|  |TAMS 0x0000000092c00000, 0x0000000092c00000| Untracked 
| 301|0x0000000092d00000, 0x0000000092d00000, 0x0000000092e00000|  0%| F|  |TAMS 0x0000000092d00000, 0x0000000092d00000| Untracked 
| 302|0x0000000092e00000, 0x0000000092e00000, 0x0000000092f00000|  0%| F|  |TAMS 0x0000000092e00000, 0x0000000092e00000| Untracked 
| 303|0x0000000092f00000, 0x0000000092f00000, 0x0000000093000000|  0%| F|  |TAMS 0x0000000092f00000, 0x0000000092f00000| Untracked 
| 304|0x0000000093000000, 0x0000000093000000, 0x0000000093100000|  0%| F|  |TAMS 0x0000000093000000, 0x0000000093000000| Untracked 
| 305|0x0000000093100000, 0x0000000093100000, 0x0000000093200000|  0%| F|  |TAMS 0x0000000093100000, 0x0000000093100000| Untracked 
| 306|0x0000000093200000, 0x0000000093200000, 0x0000000093300000|  0%| F|  |TAMS 0x0000000093200000, 0x0000000093200000| Untracked 
| 307|0x0000000093300000, 0x0000000093300000, 0x0000000093400000|  0%| F|  |TAMS 0x0000000093300000, 0x0000000093300000| Untracked 
| 308|0x0000000093400000, 0x0000000093400000, 0x0000000093500000|  0%| F|  |TAMS 0x0000000093400000, 0x0000000093400000| Untracked 
| 309|0x0000000093500000, 0x0000000093500000, 0x0000000093600000|  0%| F|  |TAMS 0x0000000093500000, 0x0000000093500000| Untracked 
| 310|0x0000000093600000, 0x0000000093600000, 0x0000000093700000|  0%| F|  |TAMS 0x0000000093600000, 0x0000000093600000| Untracked 
| 311|0x0000000093700000, 0x0000000093700000, 0x0000000093800000|  0%| F|  |TAMS 0x0000000093700000, 0x0000000093700000| Untracked 
| 312|0x0000000093800000, 0x0000000093800000, 0x0000000093900000|  0%| F|  |TAMS 0x0000000093800000, 0x0000000093800000| Untracked 
| 313|0x0000000093900000, 0x0000000093900000, 0x0000000093a00000|  0%| F|  |TAMS 0x0000000093900000, 0x0000000093900000| Untracked 
| 314|0x0000000093a00000, 0x0000000093a00000, 0x0000000093b00000|  0%| F|  |TAMS 0x0000000093a00000, 0x0000000093a00000| Untracked 
| 315|0x0000000093b00000, 0x0000000093b00000, 0x0000000093c00000|  0%| F|  |TAMS 0x0000000093b00000, 0x0000000093b00000| Untracked 
| 316|0x0000000093c00000, 0x0000000093c00000, 0x0000000093d00000|  0%| F|  |TAMS 0x0000000093c00000, 0x0000000093c00000| Untracked 
| 317|0x0000000093d00000, 0x0000000093d00000, 0x0000000093e00000|  0%| F|  |TAMS 0x0000000093d00000, 0x0000000093d00000| Untracked 
| 318|0x0000000093e00000, 0x0000000093e00000, 0x0000000093f00000|  0%| F|  |TAMS 0x0000000093e00000, 0x0000000093e00000| Untracked 
| 319|0x0000000093f00000, 0x0000000093f00000, 0x0000000094000000|  0%| F|  |TAMS 0x0000000093f00000, 0x0000000093f00000| Untracked 
| 320|0x0000000094000000, 0x0000000094000000, 0x0000000094100000|  0%| F|  |TAMS 0x0000000094000000, 0x0000000094000000| Untracked 
| 321|0x0000000094100000, 0x0000000094100000, 0x0000000094200000|  0%| F|  |TAMS 0x0000000094100000, 0x0000000094100000| Untracked 
| 322|0x0000000094200000, 0x0000000094200000, 0x0000000094300000|  0%| F|  |TAMS 0x0000000094200000, 0x0000000094200000| Untracked 
| 323|0x0000000094300000, 0x0000000094300000, 0x0000000094400000|  0%| F|  |TAMS 0x0000000094300000, 0x0000000094300000| Untracked 
| 324|0x0000000094400000, 0x0000000094400000, 0x0000000094500000|  0%| F|  |TAMS 0x0000000094400000, 0x0000000094400000| Untracked 
| 325|0x0000000094500000, 0x0000000094500000, 0x0000000094600000|  0%| F|  |TAMS 0x0000000094500000, 0x0000000094500000| Untracked 
| 326|0x0000000094600000, 0x0000000094600000, 0x0000000094700000|  0%| F|  |TAMS 0x0000000094600000, 0x0000000094600000| Untracked 
| 327|0x0000000094700000, 0x0000000094700000, 0x0000000094800000|  0%| F|  |TAMS 0x0000000094700000, 0x0000000094700000| Untracked 
| 328|0x0000000094800000, 0x0000000094800000, 0x0000000094900000|  0%| F|  |TAMS 0x0000000094800000, 0x0000000094800000| Untracked 
| 329|0x0000000094900000, 0x0000000094900000, 0x0000000094a00000|  0%| F|  |TAMS 0x0000000094900000, 0x0000000094900000| Untracked 
| 330|0x0000000094a00000, 0x0000000094a00000, 0x0000000094b00000|  0%| F|  |TAMS 0x0000000094a00000, 0x0000000094a00000| Untracked 
| 331|0x0000000094b00000, 0x0000000094b00000, 0x0000000094c00000|  0%| F|  |TAMS 0x0000000094b00000, 0x0000000094b00000| Untracked 
| 332|0x0000000094c00000, 0x0000000094c00000, 0x0000000094d00000|  0%| F|  |TAMS 0x0000000094c00000, 0x0000000094c00000| Untracked 
| 333|0x0000000094d00000, 0x0000000094d00000, 0x0000000094e00000|  0%| F|  |TAMS 0x0000000094d00000, 0x0000000094d00000| Untracked 
| 334|0x0000000094e00000, 0x0000000094e00000, 0x0000000094f00000|  0%| F|  |TAMS 0x0000000094e00000, 0x0000000094e00000| Untracked 
| 335|0x0000000094f00000, 0x0000000094f00000, 0x0000000095000000|  0%| F|  |TAMS 0x0000000094f00000, 0x0000000094f00000| Untracked 
| 336|0x0000000095000000, 0x0000000095000000, 0x0000000095100000|  0%| F|  |TAMS 0x0000000095000000, 0x0000000095000000| Untracked 
| 337|0x0000000095100000, 0x0000000095100000, 0x0000000095200000|  0%| F|  |TAMS 0x0000000095100000, 0x0000000095100000| Untracked 
| 338|0x0000000095200000, 0x0000000095200000, 0x0000000095300000|  0%| F|  |TAMS 0x0000000095200000, 0x0000000095200000| Untracked 
| 339|0x0000000095300000, 0x0000000095300000, 0x0000000095400000|  0%| F|  |TAMS 0x0000000095300000, 0x0000000095300000| Untracked 
| 340|0x0000000095400000, 0x0000000095400000, 0x0000000095500000|  0%| F|  |TAMS 0x0000000095400000, 0x0000000095400000| Untracked 
| 341|0x0000000095500000, 0x0000000095500000, 0x0000000095600000|  0%| F|  |TAMS 0x0000000095500000, 0x0000000095500000| Untracked 
| 342|0x0000000095600000, 0x0000000095600000, 0x0000000095700000|  0%| F|  |TAMS 0x0000000095600000, 0x0000000095600000| Untracked 
| 343|0x0000000095700000, 0x0000000095700000, 0x0000000095800000|  0%| F|  |TAMS 0x0000000095700000, 0x0000000095700000| Untracked 
| 344|0x0000000095800000, 0x0000000095800000, 0x0000000095900000|  0%| F|  |TAMS 0x0000000095800000, 0x0000000095800000| Untracked 
| 345|0x0000000095900000, 0x0000000095977f60, 0x0000000095a00000| 46%| S|CS|TAMS 0x0000000095900000, 0x0000000095900000| Complete 
| 346|0x0000000095a00000, 0x0000000095b00000, 0x0000000095b00000|100%| S|CS|TAMS 0x0000000095a00000, 0x0000000095a00000| Complete 
| 347|0x0000000095b00000, 0x0000000095c00000, 0x0000000095c00000|100%| S|CS|TAMS 0x0000000095b00000, 0x0000000095b00000| Complete 
| 348|0x0000000095c00000, 0x0000000095d00000, 0x0000000095d00000|100%| S|CS|TAMS 0x0000000095c00000, 0x0000000095c00000| Complete 
| 349|0x0000000095d00000, 0x0000000095e00000, 0x0000000095e00000|100%| S|CS|TAMS 0x0000000095d00000, 0x0000000095d00000| Complete 
| 350|0x0000000095e00000, 0x0000000095f00000, 0x0000000095f00000|100%| S|CS|TAMS 0x0000000095e00000, 0x0000000095e00000| Complete 
| 351|0x0000000095f00000, 0x0000000096000000, 0x0000000096000000|100%| S|CS|TAMS 0x0000000095f00000, 0x0000000095f00000| Complete 
| 352|0x0000000096000000, 0x0000000096100000, 0x0000000096100000|100%| S|CS|TAMS 0x0000000096000000, 0x0000000096000000| Complete 
| 353|0x0000000096100000, 0x0000000096200000, 0x0000000096200000|100%| S|CS|TAMS 0x0000000096100000, 0x0000000096100000| Complete 
| 354|0x0000000096200000, 0x0000000096300000, 0x0000000096300000|100%| S|CS|TAMS 0x0000000096200000, 0x0000000096200000| Complete 
| 355|0x0000000096300000, 0x0000000096400000, 0x0000000096400000|100%| S|CS|TAMS 0x0000000096300000, 0x0000000096300000| Complete 
| 356|0x0000000096400000, 0x0000000096500000, 0x0000000096500000|100%| S|CS|TAMS 0x0000000096400000, 0x0000000096400000| Complete 
| 357|0x0000000096500000, 0x0000000096600000, 0x0000000096600000|100%| S|CS|TAMS 0x0000000096500000, 0x0000000096500000| Complete 
| 358|0x0000000096600000, 0x0000000096700000, 0x0000000096700000|100%| S|CS|TAMS 0x0000000096600000, 0x0000000096600000| Complete 
| 359|0x0000000096700000, 0x0000000096800000, 0x0000000096800000|100%| S|CS|TAMS 0x0000000096700000, 0x0000000096700000| Complete 
| 360|0x0000000096800000, 0x0000000096800000, 0x0000000096900000|  0%| F|  |TAMS 0x0000000096800000, 0x0000000096800000| Untracked 
| 361|0x0000000096900000, 0x0000000096900000, 0x0000000096a00000|  0%| F|  |TAMS 0x0000000096900000, 0x0000000096900000| Untracked 
| 362|0x0000000096a00000, 0x0000000096a00000, 0x0000000096b00000|  0%| F|  |TAMS 0x0000000096a00000, 0x0000000096a00000| Untracked 
| 363|0x0000000096b00000, 0x0000000096b00000, 0x0000000096c00000|  0%| F|  |TAMS 0x0000000096b00000, 0x0000000096b00000| Untracked 
| 364|0x0000000096c00000, 0x0000000096c00000, 0x0000000096d00000|  0%| F|  |TAMS 0x0000000096c00000, 0x0000000096c00000| Untracked 
| 365|0x0000000096d00000, 0x0000000096d00000, 0x0000000096e00000|  0%| F|  |TAMS 0x0000000096d00000, 0x0000000096d00000| Untracked 
| 366|0x0000000096e00000, 0x0000000096e00000, 0x0000000096f00000|  0%| F|  |TAMS 0x0000000096e00000, 0x0000000096e00000| Untracked 
| 367|0x0000000096f00000, 0x0000000096f00000, 0x0000000097000000|  0%| F|  |TAMS 0x0000000096f00000, 0x0000000096f00000| Untracked 
| 368|0x0000000097000000, 0x0000000097000000, 0x0000000097100000|  0%| F|  |TAMS 0x0000000097000000, 0x0000000097000000| Untracked 
| 369|0x0000000097100000, 0x0000000097100000, 0x0000000097200000|  0%| F|  |TAMS 0x0000000097100000, 0x0000000097100000| Untracked 
| 370|0x0000000097200000, 0x0000000097200000, 0x0000000097300000|  0%| F|  |TAMS 0x0000000097200000, 0x0000000097200000| Untracked 
| 371|0x0000000097300000, 0x0000000097300000, 0x0000000097400000|  0%| F|  |TAMS 0x0000000097300000, 0x0000000097300000| Untracked 
| 372|0x0000000097400000, 0x0000000097400000, 0x0000000097500000|  0%| F|  |TAMS 0x0000000097400000, 0x0000000097400000| Untracked 
| 373|0x0000000097500000, 0x0000000097500000, 0x0000000097600000|  0%| F|  |TAMS 0x0000000097500000, 0x0000000097500000| Untracked 
| 374|0x0000000097600000, 0x0000000097600000, 0x0000000097700000|  0%| F|  |TAMS 0x0000000097600000, 0x0000000097600000| Untracked 
| 375|0x0000000097700000, 0x0000000097700000, 0x0000000097800000|  0%| F|  |TAMS 0x0000000097700000, 0x0000000097700000| Untracked 
| 376|0x0000000097800000, 0x0000000097800000, 0x0000000097900000|  0%| F|  |TAMS 0x0000000097800000, 0x0000000097800000| Untracked 
| 377|0x0000000097900000, 0x0000000097900000, 0x0000000097a00000|  0%| F|  |TAMS 0x0000000097900000, 0x0000000097900000| Untracked 
| 378|0x0000000097a00000, 0x0000000097a00000, 0x0000000097b00000|  0%| F|  |TAMS 0x0000000097a00000, 0x0000000097a00000| Untracked 
| 379|0x0000000097b00000, 0x0000000097b00000, 0x0000000097c00000|  0%| F|  |TAMS 0x0000000097b00000, 0x0000000097b00000| Untracked 
| 380|0x0000000097c00000, 0x0000000097c00000, 0x0000000097d00000|  0%| F|  |TAMS 0x0000000097c00000, 0x0000000097c00000| Untracked 
| 381|0x0000000097d00000, 0x0000000097d00000, 0x0000000097e00000|  0%| F|  |TAMS 0x0000000097d00000, 0x0000000097d00000| Untracked 
| 382|0x0000000097e00000, 0x0000000097e00000, 0x0000000097f00000|  0%| F|  |TAMS 0x0000000097e00000, 0x0000000097e00000| Untracked 
| 383|0x0000000097f00000, 0x0000000097f00000, 0x0000000098000000|  0%| F|  |TAMS 0x0000000097f00000, 0x0000000097f00000| Untracked 
| 384|0x0000000098000000, 0x0000000098000000, 0x0000000098100000|  0%| F|  |TAMS 0x0000000098000000, 0x0000000098000000| Untracked 
| 385|0x0000000098100000, 0x0000000098100000, 0x0000000098200000|  0%| F|  |TAMS 0x0000000098100000, 0x0000000098100000| Untracked 
| 386|0x0000000098200000, 0x0000000098200000, 0x0000000098300000|  0%| F|  |TAMS 0x0000000098200000, 0x0000000098200000| Untracked 
| 387|0x0000000098300000, 0x0000000098300000, 0x0000000098400000|  0%| F|  |TAMS 0x0000000098300000, 0x0000000098300000| Untracked 
| 388|0x0000000098400000, 0x0000000098400000, 0x0000000098500000|  0%| F|  |TAMS 0x0000000098400000, 0x0000000098400000| Untracked 
| 389|0x0000000098500000, 0x0000000098500000, 0x0000000098600000|  0%| F|  |TAMS 0x0000000098500000, 0x0000000098500000| Untracked 
| 390|0x0000000098600000, 0x0000000098600000, 0x0000000098700000|  0%| F|  |TAMS 0x0000000098600000, 0x0000000098600000| Untracked 
| 391|0x0000000098700000, 0x0000000098700000, 0x0000000098800000|  0%| F|  |TAMS 0x0000000098700000, 0x0000000098700000| Untracked 
| 392|0x0000000098800000, 0x0000000098800000, 0x0000000098900000|  0%| F|  |TAMS 0x0000000098800000, 0x0000000098800000| Untracked 
| 393|0x0000000098900000, 0x0000000098900000, 0x0000000098a00000|  0%| F|  |TAMS 0x0000000098900000, 0x0000000098900000| Untracked 
| 394|0x0000000098a00000, 0x0000000098a00000, 0x0000000098b00000|  0%| F|  |TAMS 0x0000000098a00000, 0x0000000098a00000| Untracked 
| 395|0x0000000098b00000, 0x0000000098b00000, 0x0000000098c00000|  0%| F|  |TAMS 0x0000000098b00000, 0x0000000098b00000| Untracked 
| 396|0x0000000098c00000, 0x0000000098c00000, 0x0000000098d00000|  0%| F|  |TAMS 0x0000000098c00000, 0x0000000098c00000| Untracked 
| 397|0x0000000098d00000, 0x0000000098d00000, 0x0000000098e00000|  0%| F|  |TAMS 0x0000000098d00000, 0x0000000098d00000| Untracked 
| 398|0x0000000098e00000, 0x0000000098e00000, 0x0000000098f00000|  0%| F|  |TAMS 0x0000000098e00000, 0x0000000098e00000| Untracked 
| 399|0x0000000098f00000, 0x0000000098f00000, 0x0000000099000000|  0%| F|  |TAMS 0x0000000098f00000, 0x0000000098f00000| Untracked 
| 400|0x0000000099000000, 0x0000000099000000, 0x0000000099100000|  0%| F|  |TAMS 0x0000000099000000, 0x0000000099000000| Untracked 
| 401|0x0000000099100000, 0x0000000099100000, 0x0000000099200000|  0%| F|  |TAMS 0x0000000099100000, 0x0000000099100000| Untracked 
| 402|0x0000000099200000, 0x0000000099200000, 0x0000000099300000|  0%| F|  |TAMS 0x0000000099200000, 0x0000000099200000| Untracked 
| 403|0x0000000099300000, 0x0000000099300000, 0x0000000099400000|  0%| F|  |TAMS 0x0000000099300000, 0x0000000099300000| Untracked 
| 404|0x0000000099400000, 0x0000000099400000, 0x0000000099500000|  0%| F|  |TAMS 0x0000000099400000, 0x0000000099400000| Untracked 
| 405|0x0000000099500000, 0x0000000099500000, 0x0000000099600000|  0%| F|  |TAMS 0x0000000099500000, 0x0000000099500000| Untracked 
| 406|0x0000000099600000, 0x0000000099600000, 0x0000000099700000|  0%| F|  |TAMS 0x0000000099600000, 0x0000000099600000| Untracked 
| 407|0x0000000099700000, 0x0000000099700000, 0x0000000099800000|  0%| F|  |TAMS 0x0000000099700000, 0x0000000099700000| Untracked 
| 408|0x0000000099800000, 0x0000000099800000, 0x0000000099900000|  0%| F|  |TAMS 0x0000000099800000, 0x0000000099800000| Untracked 
| 409|0x0000000099900000, 0x0000000099900000, 0x0000000099a00000|  0%| F|  |TAMS 0x0000000099900000, 0x0000000099900000| Untracked 
| 410|0x0000000099a00000, 0x0000000099a00000, 0x0000000099b00000|  0%| F|  |TAMS 0x0000000099a00000, 0x0000000099a00000| Untracked 
| 411|0x0000000099b00000, 0x0000000099b00000, 0x0000000099c00000|  0%| F|  |TAMS 0x0000000099b00000, 0x0000000099b00000| Untracked 
| 412|0x0000000099c00000, 0x0000000099c00000, 0x0000000099d00000|  0%| F|  |TAMS 0x0000000099c00000, 0x0000000099c00000| Untracked 
| 413|0x0000000099d00000, 0x0000000099d00000, 0x0000000099e00000|  0%| F|  |TAMS 0x0000000099d00000, 0x0000000099d00000| Untracked 
| 414|0x0000000099e00000, 0x0000000099e00000, 0x0000000099f00000|  0%| F|  |TAMS 0x0000000099e00000, 0x0000000099e00000| Untracked 
| 415|0x0000000099f00000, 0x0000000099f00000, 0x000000009a000000|  0%| F|  |TAMS 0x0000000099f00000, 0x0000000099f00000| Untracked 
| 416|0x000000009a000000, 0x000000009a000000, 0x000000009a100000|  0%| F|  |TAMS 0x000000009a000000, 0x000000009a000000| Untracked 
| 417|0x000000009a100000, 0x000000009a100000, 0x000000009a200000|  0%| F|  |TAMS 0x000000009a100000, 0x000000009a100000| Untracked 
| 418|0x000000009a200000, 0x000000009a200000, 0x000000009a300000|  0%| F|  |TAMS 0x000000009a200000, 0x000000009a200000| Untracked 
| 419|0x000000009a300000, 0x000000009a300000, 0x000000009a400000|  0%| F|  |TAMS 0x000000009a300000, 0x000000009a300000| Untracked 
| 420|0x000000009a400000, 0x000000009a400000, 0x000000009a500000|  0%| F|  |TAMS 0x000000009a400000, 0x000000009a400000| Untracked 
| 421|0x000000009a500000, 0x000000009a500000, 0x000000009a600000|  0%| F|  |TAMS 0x000000009a500000, 0x000000009a500000| Untracked 
| 422|0x000000009a600000, 0x000000009a600000, 0x000000009a700000|  0%| F|  |TAMS 0x000000009a600000, 0x000000009a600000| Untracked 
| 423|0x000000009a700000, 0x000000009a700000, 0x000000009a800000|  0%| F|  |TAMS 0x000000009a700000, 0x000000009a700000| Untracked 
| 424|0x000000009a800000, 0x000000009a800000, 0x000000009a900000|  0%| F|  |TAMS 0x000000009a800000, 0x000000009a800000| Untracked 
| 425|0x000000009a900000, 0x000000009a900000, 0x000000009aa00000|  0%| F|  |TAMS 0x000000009a900000, 0x000000009a900000| Untracked 
| 426|0x000000009aa00000, 0x000000009aa00000, 0x000000009ab00000|  0%| F|  |TAMS 0x000000009aa00000, 0x000000009aa00000| Untracked 
| 427|0x000000009ab00000, 0x000000009ab00000, 0x000000009ac00000|  0%| F|  |TAMS 0x000000009ab00000, 0x000000009ab00000| Untracked 
| 428|0x000000009ac00000, 0x000000009ac00000, 0x000000009ad00000|  0%| F|  |TAMS 0x000000009ac00000, 0x000000009ac00000| Untracked 
| 429|0x000000009ad00000, 0x000000009ad00000, 0x000000009ae00000|  0%| F|  |TAMS 0x000000009ad00000, 0x000000009ad00000| Untracked 
| 430|0x000000009ae00000, 0x000000009ae00000, 0x000000009af00000|  0%| F|  |TAMS 0x000000009ae00000, 0x000000009ae00000| Untracked 
| 431|0x000000009af00000, 0x000000009af00000, 0x000000009b000000|  0%| F|  |TAMS 0x000000009af00000, 0x000000009af00000| Untracked 
| 432|0x000000009b000000, 0x000000009b000000, 0x000000009b100000|  0%| F|  |TAMS 0x000000009b000000, 0x000000009b000000| Untracked 
| 433|0x000000009b100000, 0x000000009b100000, 0x000000009b200000|  0%| F|  |TAMS 0x000000009b100000, 0x000000009b100000| Untracked 
| 434|0x000000009b200000, 0x000000009b200000, 0x000000009b300000|  0%| F|  |TAMS 0x000000009b200000, 0x000000009b200000| Untracked 
| 435|0x000000009b300000, 0x000000009b300000, 0x000000009b400000|  0%| F|  |TAMS 0x000000009b300000, 0x000000009b300000| Untracked 
| 436|0x000000009b400000, 0x000000009b400000, 0x000000009b500000|  0%| F|  |TAMS 0x000000009b400000, 0x000000009b400000| Untracked 
| 437|0x000000009b500000, 0x000000009b500000, 0x000000009b600000|  0%| F|  |TAMS 0x000000009b500000, 0x000000009b500000| Untracked 
| 438|0x000000009b600000, 0x000000009b600000, 0x000000009b700000|  0%| F|  |TAMS 0x000000009b600000, 0x000000009b600000| Untracked 
| 439|0x000000009b700000, 0x000000009b700000, 0x000000009b800000|  0%| F|  |TAMS 0x000000009b700000, 0x000000009b700000| Untracked 
| 440|0x000000009b800000, 0x000000009b800000, 0x000000009b900000|  0%| F|  |TAMS 0x000000009b800000, 0x000000009b800000| Untracked 
| 441|0x000000009b900000, 0x000000009b900000, 0x000000009ba00000|  0%| F|  |TAMS 0x000000009b900000, 0x000000009b900000| Untracked 
| 442|0x000000009ba00000, 0x000000009ba00000, 0x000000009bb00000|  0%| F|  |TAMS 0x000000009ba00000, 0x000000009ba00000| Untracked 
| 443|0x000000009bb00000, 0x000000009bb00000, 0x000000009bc00000|  0%| F|  |TAMS 0x000000009bb00000, 0x000000009bb00000| Untracked 
| 444|0x000000009bc00000, 0x000000009bc00000, 0x000000009bd00000|  0%| F|  |TAMS 0x000000009bc00000, 0x000000009bc00000| Untracked 
| 445|0x000000009bd00000, 0x000000009bd00000, 0x000000009be00000|  0%| F|  |TAMS 0x000000009bd00000, 0x000000009bd00000| Untracked 
| 446|0x000000009be00000, 0x000000009be00000, 0x000000009bf00000|  0%| F|  |TAMS 0x000000009be00000, 0x000000009be00000| Untracked 
| 447|0x000000009bf00000, 0x000000009bf00000, 0x000000009c000000|  0%| F|  |TAMS 0x000000009bf00000, 0x000000009bf00000| Untracked 
| 448|0x000000009c000000, 0x000000009c000000, 0x000000009c100000|  0%| F|  |TAMS 0x000000009c000000, 0x000000009c000000| Untracked 
| 449|0x000000009c100000, 0x000000009c100000, 0x000000009c200000|  0%| F|  |TAMS 0x000000009c100000, 0x000000009c100000| Untracked 
| 450|0x000000009c200000, 0x000000009c200000, 0x000000009c300000|  0%| F|  |TAMS 0x000000009c200000, 0x000000009c200000| Untracked 
| 451|0x000000009c300000, 0x000000009c300000, 0x000000009c400000|  0%| F|  |TAMS 0x000000009c300000, 0x000000009c300000| Untracked 
| 452|0x000000009c400000, 0x000000009c400000, 0x000000009c500000|  0%| F|  |TAMS 0x000000009c400000, 0x000000009c400000| Untracked 
| 453|0x000000009c500000, 0x000000009c500000, 0x000000009c600000|  0%| F|  |TAMS 0x000000009c500000, 0x000000009c500000| Untracked 
| 454|0x000000009c600000, 0x000000009c600000, 0x000000009c700000|  0%| F|  |TAMS 0x000000009c600000, 0x000000009c600000| Untracked 
| 455|0x000000009c700000, 0x000000009c700000, 0x000000009c800000|  0%| F|  |TAMS 0x000000009c700000, 0x000000009c700000| Untracked 
| 456|0x000000009c800000, 0x000000009c800000, 0x000000009c900000|  0%| F|  |TAMS 0x000000009c800000, 0x000000009c800000| Untracked 
| 457|0x000000009c900000, 0x000000009c900000, 0x000000009ca00000|  0%| F|  |TAMS 0x000000009c900000, 0x000000009c900000| Untracked 
| 458|0x000000009ca00000, 0x000000009ca00000, 0x000000009cb00000|  0%| F|  |TAMS 0x000000009ca00000, 0x000000009ca00000| Untracked 
| 459|0x000000009cb00000, 0x000000009cb00000, 0x000000009cc00000|  0%| F|  |TAMS 0x000000009cb00000, 0x000000009cb00000| Untracked 
| 460|0x000000009cc00000, 0x000000009cc00000, 0x000000009cd00000|  0%| F|  |TAMS 0x000000009cc00000, 0x000000009cc00000| Untracked 
| 461|0x000000009cd00000, 0x000000009cd00000, 0x000000009ce00000|  0%| F|  |TAMS 0x000000009cd00000, 0x000000009cd00000| Untracked 
| 462|0x000000009ce00000, 0x000000009ce00000, 0x000000009cf00000|  0%| F|  |TAMS 0x000000009ce00000, 0x000000009ce00000| Untracked 
| 463|0x000000009cf00000, 0x000000009cf00000, 0x000000009d000000|  0%| F|  |TAMS 0x000000009cf00000, 0x000000009cf00000| Untracked 
| 464|0x000000009d000000, 0x000000009d000000, 0x000000009d100000|  0%| F|  |TAMS 0x000000009d000000, 0x000000009d000000| Untracked 
| 465|0x000000009d100000, 0x000000009d100000, 0x000000009d200000|  0%| F|  |TAMS 0x000000009d100000, 0x000000009d100000| Untracked 
| 466|0x000000009d200000, 0x000000009d200000, 0x000000009d300000|  0%| F|  |TAMS 0x000000009d200000, 0x000000009d200000| Untracked 
| 467|0x000000009d300000, 0x000000009d300000, 0x000000009d400000|  0%| F|  |TAMS 0x000000009d300000, 0x000000009d300000| Untracked 
| 468|0x000000009d400000, 0x000000009d400000, 0x000000009d500000|  0%| F|  |TAMS 0x000000009d400000, 0x000000009d400000| Untracked 
| 469|0x000000009d500000, 0x000000009d500000, 0x000000009d600000|  0%| F|  |TAMS 0x000000009d500000, 0x000000009d500000| Untracked 
| 470|0x000000009d600000, 0x000000009d600000, 0x000000009d700000|  0%| F|  |TAMS 0x000000009d600000, 0x000000009d600000| Untracked 
| 471|0x000000009d700000, 0x000000009d700000, 0x000000009d800000|  0%| F|  |TAMS 0x000000009d700000, 0x000000009d700000| Untracked 
| 472|0x000000009d800000, 0x000000009d800000, 0x000000009d900000|  0%| F|  |TAMS 0x000000009d800000, 0x000000009d800000| Untracked 
| 473|0x000000009d900000, 0x000000009d900000, 0x000000009da00000|  0%| F|  |TAMS 0x000000009d900000, 0x000000009d900000| Untracked 
| 474|0x000000009da00000, 0x000000009da00000, 0x000000009db00000|  0%| F|  |TAMS 0x000000009da00000, 0x000000009da00000| Untracked 
| 475|0x000000009db00000, 0x000000009db00000, 0x000000009dc00000|  0%| F|  |TAMS 0x000000009db00000, 0x000000009db00000| Untracked 
| 476|0x000000009dc00000, 0x000000009dc00000, 0x000000009dd00000|  0%| F|  |TAMS 0x000000009dc00000, 0x000000009dc00000| Untracked 
| 477|0x000000009dd00000, 0x000000009dd00000, 0x000000009de00000|  0%| F|  |TAMS 0x000000009dd00000, 0x000000009dd00000| Untracked 
| 478|0x000000009de00000, 0x000000009de00000, 0x000000009df00000|  0%| F|  |TAMS 0x000000009de00000, 0x000000009de00000| Untracked 
| 479|0x000000009df00000, 0x000000009df00000, 0x000000009e000000|  0%| F|  |TAMS 0x000000009df00000, 0x000000009df00000| Untracked 
| 480|0x000000009e000000, 0x000000009e000000, 0x000000009e100000|  0%| F|  |TAMS 0x000000009e000000, 0x000000009e000000| Untracked 
| 481|0x000000009e100000, 0x000000009e100000, 0x000000009e200000|  0%| F|  |TAMS 0x000000009e100000, 0x000000009e100000| Untracked 
| 482|0x000000009e200000, 0x000000009e200000, 0x000000009e300000|  0%| F|  |TAMS 0x000000009e200000, 0x000000009e200000| Untracked 
| 483|0x000000009e300000, 0x000000009e300000, 0x000000009e400000|  0%| F|  |TAMS 0x000000009e300000, 0x000000009e300000| Untracked 
| 484|0x000000009e400000, 0x000000009e400000, 0x000000009e500000|  0%| F|  |TAMS 0x000000009e400000, 0x000000009e400000| Untracked 
| 485|0x000000009e500000, 0x000000009e500000, 0x000000009e600000|  0%| F|  |TAMS 0x000000009e500000, 0x000000009e500000| Untracked 
| 486|0x000000009e600000, 0x000000009e600000, 0x000000009e700000|  0%| F|  |TAMS 0x000000009e600000, 0x000000009e600000| Untracked 
| 487|0x000000009e700000, 0x000000009e700000, 0x000000009e800000|  0%| F|  |TAMS 0x000000009e700000, 0x000000009e700000| Untracked 
| 488|0x000000009e800000, 0x000000009e800000, 0x000000009e900000|  0%| F|  |TAMS 0x000000009e800000, 0x000000009e800000| Untracked 
| 489|0x000000009e900000, 0x000000009e900000, 0x000000009ea00000|  0%| F|  |TAMS 0x000000009e900000, 0x000000009e900000| Untracked 
| 490|0x000000009ea00000, 0x000000009ea00000, 0x000000009eb00000|  0%| F|  |TAMS 0x000000009ea00000, 0x000000009ea00000| Untracked 
| 491|0x000000009eb00000, 0x000000009eb00000, 0x000000009ec00000|  0%| F|  |TAMS 0x000000009eb00000, 0x000000009eb00000| Untracked 
| 492|0x000000009ec00000, 0x000000009ec00000, 0x000000009ed00000|  0%| F|  |TAMS 0x000000009ec00000, 0x000000009ec00000| Untracked 
| 493|0x000000009ed00000, 0x000000009ed00000, 0x000000009ee00000|  0%| F|  |TAMS 0x000000009ed00000, 0x000000009ed00000| Untracked 
| 494|0x000000009ee00000, 0x000000009ee00000, 0x000000009ef00000|  0%| F|  |TAMS 0x000000009ee00000, 0x000000009ee00000| Untracked 
| 495|0x000000009ef00000, 0x000000009ef00000, 0x000000009f000000|  0%| F|  |TAMS 0x000000009ef00000, 0x000000009ef00000| Untracked 
| 496|0x000000009f000000, 0x000000009f000000, 0x000000009f100000|  0%| F|  |TAMS 0x000000009f000000, 0x000000009f000000| Untracked 
| 497|0x000000009f100000, 0x000000009f100000, 0x000000009f200000|  0%| F|  |TAMS 0x000000009f100000, 0x000000009f100000| Untracked 
| 498|0x000000009f200000, 0x000000009f200000, 0x000000009f300000|  0%| F|  |TAMS 0x000000009f200000, 0x000000009f200000| Untracked 
| 499|0x000000009f300000, 0x000000009f300000, 0x000000009f400000|  0%| F|  |TAMS 0x000000009f300000, 0x000000009f300000| Untracked 
| 500|0x000000009f400000, 0x000000009f400000, 0x000000009f500000|  0%| F|  |TAMS 0x000000009f400000, 0x000000009f400000| Untracked 
| 501|0x000000009f500000, 0x000000009f500000, 0x000000009f600000|  0%| F|  |TAMS 0x000000009f500000, 0x000000009f500000| Untracked 
| 502|0x000000009f600000, 0x000000009f600000, 0x000000009f700000|  0%| F|  |TAMS 0x000000009f600000, 0x000000009f600000| Untracked 
| 503|0x000000009f700000, 0x000000009f700000, 0x000000009f800000|  0%| F|  |TAMS 0x000000009f700000, 0x000000009f700000| Untracked 
| 504|0x000000009f800000, 0x000000009f800000, 0x000000009f900000|  0%| F|  |TAMS 0x000000009f800000, 0x000000009f800000| Untracked 
| 505|0x000000009f900000, 0x000000009f900000, 0x000000009fa00000|  0%| F|  |TAMS 0x000000009f900000, 0x000000009f900000| Untracked 
| 506|0x000000009fa00000, 0x000000009fa00000, 0x000000009fb00000|  0%| F|  |TAMS 0x000000009fa00000, 0x000000009fa00000| Untracked 
| 507|0x000000009fb00000, 0x000000009fb00000, 0x000000009fc00000|  0%| F|  |TAMS 0x000000009fb00000, 0x000000009fb00000| Untracked 
| 508|0x000000009fc00000, 0x000000009fc00000, 0x000000009fd00000|  0%| F|  |TAMS 0x000000009fc00000, 0x000000009fc00000| Untracked 
| 509|0x000000009fd00000, 0x000000009fd00000, 0x000000009fe00000|  0%| F|  |TAMS 0x000000009fd00000, 0x000000009fd00000| Untracked 
| 510|0x000000009fe00000, 0x000000009fe00000, 0x000000009ff00000|  0%| F|  |TAMS 0x000000009fe00000, 0x000000009fe00000| Untracked 
| 511|0x000000009ff00000, 0x000000009ff00000, 0x00000000a0000000|  0%| F|  |TAMS 0x000000009ff00000, 0x000000009ff00000| Untracked 
| 512|0x00000000a0000000, 0x00000000a0000000, 0x00000000a0100000|  0%| F|  |TAMS 0x00000000a0000000, 0x00000000a0000000| Untracked 
| 513|0x00000000a0100000, 0x00000000a0100000, 0x00000000a0200000|  0%| F|  |TAMS 0x00000000a0100000, 0x00000000a0100000| Untracked 
| 514|0x00000000a0200000, 0x00000000a0200000, 0x00000000a0300000|  0%| F|  |TAMS 0x00000000a0200000, 0x00000000a0200000| Untracked 
| 515|0x00000000a0300000, 0x00000000a0300000, 0x00000000a0400000|  0%| F|  |TAMS 0x00000000a0300000, 0x00000000a0300000| Untracked 
| 516|0x00000000a0400000, 0x00000000a0400000, 0x00000000a0500000|  0%| F|  |TAMS 0x00000000a0400000, 0x00000000a0400000| Untracked 
| 517|0x00000000a0500000, 0x00000000a0500000, 0x00000000a0600000|  0%| F|  |TAMS 0x00000000a0500000, 0x00000000a0500000| Untracked 
| 518|0x00000000a0600000, 0x00000000a0600000, 0x00000000a0700000|  0%| F|  |TAMS 0x00000000a0600000, 0x00000000a0600000| Untracked 
| 519|0x00000000a0700000, 0x00000000a0700000, 0x00000000a0800000|  0%| F|  |TAMS 0x00000000a0700000, 0x00000000a0700000| Untracked 
| 520|0x00000000a0800000, 0x00000000a0800000, 0x00000000a0900000|  0%| F|  |TAMS 0x00000000a0800000, 0x00000000a0800000| Untracked 
| 521|0x00000000a0900000, 0x00000000a0900000, 0x00000000a0a00000|  0%| F|  |TAMS 0x00000000a0900000, 0x00000000a0900000| Untracked 
| 522|0x00000000a0a00000, 0x00000000a0a00000, 0x00000000a0b00000|  0%| F|  |TAMS 0x00000000a0a00000, 0x00000000a0a00000| Untracked 
| 523|0x00000000a0b00000, 0x00000000a0b00000, 0x00000000a0c00000|  0%| F|  |TAMS 0x00000000a0b00000, 0x00000000a0b00000| Untracked 
| 524|0x00000000a0c00000, 0x00000000a0c00000, 0x00000000a0d00000|  0%| F|  |TAMS 0x00000000a0c00000, 0x00000000a0c00000| Untracked 
| 525|0x00000000a0d00000, 0x00000000a0d00000, 0x00000000a0e00000|  0%| F|  |TAMS 0x00000000a0d00000, 0x00000000a0d00000| Untracked 
| 526|0x00000000a0e00000, 0x00000000a0e00000, 0x00000000a0f00000|  0%| F|  |TAMS 0x00000000a0e00000, 0x00000000a0e00000| Untracked 
| 527|0x00000000a0f00000, 0x00000000a0f00000, 0x00000000a1000000|  0%| F|  |TAMS 0x00000000a0f00000, 0x00000000a0f00000| Untracked 
| 528|0x00000000a1000000, 0x00000000a1000000, 0x00000000a1100000|  0%| F|  |TAMS 0x00000000a1000000, 0x00000000a1000000| Untracked 
| 529|0x00000000a1100000, 0x00000000a1100000, 0x00000000a1200000|  0%| F|  |TAMS 0x00000000a1100000, 0x00000000a1100000| Untracked 
| 530|0x00000000a1200000, 0x00000000a1200000, 0x00000000a1300000|  0%| F|  |TAMS 0x00000000a1200000, 0x00000000a1200000| Untracked 
| 531|0x00000000a1300000, 0x00000000a1300000, 0x00000000a1400000|  0%| F|  |TAMS 0x00000000a1300000, 0x00000000a1300000| Untracked 
| 532|0x00000000a1400000, 0x00000000a1400000, 0x00000000a1500000|  0%| F|  |TAMS 0x00000000a1400000, 0x00000000a1400000| Untracked 
| 533|0x00000000a1500000, 0x00000000a1500000, 0x00000000a1600000|  0%| F|  |TAMS 0x00000000a1500000, 0x00000000a1500000| Untracked 
| 534|0x00000000a1600000, 0x00000000a1600000, 0x00000000a1700000|  0%| F|  |TAMS 0x00000000a1600000, 0x00000000a1600000| Untracked 
| 535|0x00000000a1700000, 0x00000000a1700000, 0x00000000a1800000|  0%| F|  |TAMS 0x00000000a1700000, 0x00000000a1700000| Untracked 
| 536|0x00000000a1800000, 0x00000000a1800000, 0x00000000a1900000|  0%| F|  |TAMS 0x00000000a1800000, 0x00000000a1800000| Untracked 
| 537|0x00000000a1900000, 0x00000000a1900000, 0x00000000a1a00000|  0%| F|  |TAMS 0x00000000a1900000, 0x00000000a1900000| Untracked 
| 538|0x00000000a1a00000, 0x00000000a1a00000, 0x00000000a1b00000|  0%| F|  |TAMS 0x00000000a1a00000, 0x00000000a1a00000| Untracked 
| 539|0x00000000a1b00000, 0x00000000a1b00000, 0x00000000a1c00000|  0%| F|  |TAMS 0x00000000a1b00000, 0x00000000a1b00000| Untracked 
| 540|0x00000000a1c00000, 0x00000000a1c00000, 0x00000000a1d00000|  0%| F|  |TAMS 0x00000000a1c00000, 0x00000000a1c00000| Untracked 
| 541|0x00000000a1d00000, 0x00000000a1d00000, 0x00000000a1e00000|  0%| F|  |TAMS 0x00000000a1d00000, 0x00000000a1d00000| Untracked 
| 542|0x00000000a1e00000, 0x00000000a1e00000, 0x00000000a1f00000|  0%| F|  |TAMS 0x00000000a1e00000, 0x00000000a1e00000| Untracked 
| 543|0x00000000a1f00000, 0x00000000a1f00000, 0x00000000a2000000|  0%| F|  |TAMS 0x00000000a1f00000, 0x00000000a1f00000| Untracked 
| 544|0x00000000a2000000, 0x00000000a2000000, 0x00000000a2100000|  0%| F|  |TAMS 0x00000000a2000000, 0x00000000a2000000| Untracked 
| 545|0x00000000a2100000, 0x00000000a2100000, 0x00000000a2200000|  0%| F|  |TAMS 0x00000000a2100000, 0x00000000a2100000| Untracked 
| 546|0x00000000a2200000, 0x00000000a2200000, 0x00000000a2300000|  0%| F|  |TAMS 0x00000000a2200000, 0x00000000a2200000| Untracked 
| 547|0x00000000a2300000, 0x00000000a2300000, 0x00000000a2400000|  0%| F|  |TAMS 0x00000000a2300000, 0x00000000a2300000| Untracked 
| 548|0x00000000a2400000, 0x00000000a2400000, 0x00000000a2500000|  0%| F|  |TAMS 0x00000000a2400000, 0x00000000a2400000| Untracked 
| 549|0x00000000a2500000, 0x00000000a2500000, 0x00000000a2600000|  0%| F|  |TAMS 0x00000000a2500000, 0x00000000a2500000| Untracked 
| 550|0x00000000a2600000, 0x00000000a2600000, 0x00000000a2700000|  0%| F|  |TAMS 0x00000000a2600000, 0x00000000a2600000| Untracked 
| 551|0x00000000a2700000, 0x00000000a2700000, 0x00000000a2800000|  0%| F|  |TAMS 0x00000000a2700000, 0x00000000a2700000| Untracked 
| 552|0x00000000a2800000, 0x00000000a2800000, 0x00000000a2900000|  0%| F|  |TAMS 0x00000000a2800000, 0x00000000a2800000| Untracked 
| 553|0x00000000a2900000, 0x00000000a2900000, 0x00000000a2a00000|  0%| F|  |TAMS 0x00000000a2900000, 0x00000000a2900000| Untracked 
| 554|0x00000000a2a00000, 0x00000000a2a00000, 0x00000000a2b00000|  0%| F|  |TAMS 0x00000000a2a00000, 0x00000000a2a00000| Untracked 
| 555|0x00000000a2b00000, 0x00000000a2b00000, 0x00000000a2c00000|  0%| F|  |TAMS 0x00000000a2b00000, 0x00000000a2b00000| Untracked 
| 556|0x00000000a2c00000, 0x00000000a2c00000, 0x00000000a2d00000|  0%| F|  |TAMS 0x00000000a2c00000, 0x00000000a2c00000| Untracked 
| 557|0x00000000a2d00000, 0x00000000a2d00000, 0x00000000a2e00000|  0%| F|  |TAMS 0x00000000a2d00000, 0x00000000a2d00000| Untracked 
| 558|0x00000000a2e00000, 0x00000000a2e00000, 0x00000000a2f00000|  0%| F|  |TAMS 0x00000000a2e00000, 0x00000000a2e00000| Untracked 
| 559|0x00000000a2f00000, 0x00000000a2f00000, 0x00000000a3000000|  0%| F|  |TAMS 0x00000000a2f00000, 0x00000000a2f00000| Untracked 
| 560|0x00000000a3000000, 0x00000000a3000000, 0x00000000a3100000|  0%| F|  |TAMS 0x00000000a3000000, 0x00000000a3000000| Untracked 
| 561|0x00000000a3100000, 0x00000000a3100000, 0x00000000a3200000|  0%| F|  |TAMS 0x00000000a3100000, 0x00000000a3100000| Untracked 
| 562|0x00000000a3200000, 0x00000000a3200000, 0x00000000a3300000|  0%| F|  |TAMS 0x00000000a3200000, 0x00000000a3200000| Untracked 
| 563|0x00000000a3300000, 0x00000000a3300000, 0x00000000a3400000|  0%| F|  |TAMS 0x00000000a3300000, 0x00000000a3300000| Untracked 
| 564|0x00000000a3400000, 0x00000000a3400000, 0x00000000a3500000|  0%| F|  |TAMS 0x00000000a3400000, 0x00000000a3400000| Untracked 
| 565|0x00000000a3500000, 0x00000000a3500000, 0x00000000a3600000|  0%| F|  |TAMS 0x00000000a3500000, 0x00000000a3500000| Untracked 
| 566|0x00000000a3600000, 0x00000000a3600000, 0x00000000a3700000|  0%| F|  |TAMS 0x00000000a3600000, 0x00000000a3600000| Untracked 
| 567|0x00000000a3700000, 0x00000000a3700000, 0x00000000a3800000|  0%| F|  |TAMS 0x00000000a3700000, 0x00000000a3700000| Untracked 
| 568|0x00000000a3800000, 0x00000000a3800000, 0x00000000a3900000|  0%| F|  |TAMS 0x00000000a3800000, 0x00000000a3800000| Untracked 
| 569|0x00000000a3900000, 0x00000000a3900000, 0x00000000a3a00000|  0%| F|  |TAMS 0x00000000a3900000, 0x00000000a3900000| Untracked 
| 570|0x00000000a3a00000, 0x00000000a3a00000, 0x00000000a3b00000|  0%| F|  |TAMS 0x00000000a3a00000, 0x00000000a3a00000| Untracked 
| 571|0x00000000a3b00000, 0x00000000a3b00000, 0x00000000a3c00000|  0%| F|  |TAMS 0x00000000a3b00000, 0x00000000a3b00000| Untracked 
| 572|0x00000000a3c00000, 0x00000000a3c00000, 0x00000000a3d00000|  0%| F|  |TAMS 0x00000000a3c00000, 0x00000000a3c00000| Untracked 
| 573|0x00000000a3d00000, 0x00000000a3d00000, 0x00000000a3e00000|  0%| F|  |TAMS 0x00000000a3d00000, 0x00000000a3d00000| Untracked 
| 574|0x00000000a3e00000, 0x00000000a3e7a2a0, 0x00000000a3f00000| 47%| E|  |TAMS 0x00000000a3e00000, 0x00000000a3e00000| Complete 
| 575|0x00000000a3f00000, 0x00000000a4000000, 0x00000000a4000000|100%| E|CS|TAMS 0x00000000a3f00000, 0x00000000a3f00000| Complete 
| 576|0x00000000a4000000, 0x00000000a4100000, 0x00000000a4100000|100%| E|CS|TAMS 0x00000000a4000000, 0x00000000a4000000| Complete 
| 577|0x00000000a4100000, 0x00000000a4200000, 0x00000000a4200000|100%| E|CS|TAMS 0x00000000a4100000, 0x00000000a4100000| Complete 
| 578|0x00000000a4200000, 0x00000000a4300000, 0x00000000a4300000|100%| E|CS|TAMS 0x00000000a4200000, 0x00000000a4200000| Complete 
| 579|0x00000000a4300000, 0x00000000a4400000, 0x00000000a4400000|100%| E|CS|TAMS 0x00000000a4300000, 0x00000000a4300000| Complete 
| 580|0x00000000a4400000, 0x00000000a4500000, 0x00000000a4500000|100%| E|CS|TAMS 0x00000000a4400000, 0x00000000a4400000| Complete 
| 581|0x00000000a4500000, 0x00000000a4600000, 0x00000000a4600000|100%| E|CS|TAMS 0x00000000a4500000, 0x00000000a4500000| Complete 
| 582|0x00000000a4600000, 0x00000000a4700000, 0x00000000a4700000|100%| E|CS|TAMS 0x00000000a4600000, 0x00000000a4600000| Complete 
| 583|0x00000000a4700000, 0x00000000a4800000, 0x00000000a4800000|100%| E|CS|TAMS 0x00000000a4700000, 0x00000000a4700000| Complete 
| 584|0x00000000a4800000, 0x00000000a4900000, 0x00000000a4900000|100%| E|CS|TAMS 0x00000000a4800000, 0x00000000a4800000| Complete 
| 585|0x00000000a4900000, 0x00000000a4a00000, 0x00000000a4a00000|100%| E|CS|TAMS 0x00000000a4900000, 0x00000000a4900000| Complete 
| 586|0x00000000a4a00000, 0x00000000a4b00000, 0x00000000a4b00000|100%| E|CS|TAMS 0x00000000a4a00000, 0x00000000a4a00000| Complete 
| 587|0x00000000a4b00000, 0x00000000a4c00000, 0x00000000a4c00000|100%| E|CS|TAMS 0x00000000a4b00000, 0x00000000a4b00000| Complete 
| 588|0x00000000a4c00000, 0x00000000a4d00000, 0x00000000a4d00000|100%| E|CS|TAMS 0x00000000a4c00000, 0x00000000a4c00000| Complete 
| 589|0x00000000a4d00000, 0x00000000a4e00000, 0x00000000a4e00000|100%| E|CS|TAMS 0x00000000a4d00000, 0x00000000a4d00000| Complete 
| 590|0x00000000a4e00000, 0x00000000a4f00000, 0x00000000a4f00000|100%| E|CS|TAMS 0x00000000a4e00000, 0x00000000a4e00000| Complete 
| 591|0x00000000a4f00000, 0x00000000a5000000, 0x00000000a5000000|100%| E|CS|TAMS 0x00000000a4f00000, 0x00000000a4f00000| Complete 
| 592|0x00000000a5000000, 0x00000000a5100000, 0x00000000a5100000|100%| E|CS|TAMS 0x00000000a5000000, 0x00000000a5000000| Complete 
| 593|0x00000000a5100000, 0x00000000a5200000, 0x00000000a5200000|100%| E|CS|TAMS 0x00000000a5100000, 0x00000000a5100000| Complete 
| 594|0x00000000a5200000, 0x00000000a5300000, 0x00000000a5300000|100%| E|CS|TAMS 0x00000000a5200000, 0x00000000a5200000| Complete 
| 595|0x00000000a5300000, 0x00000000a5400000, 0x00000000a5400000|100%| E|CS|TAMS 0x00000000a5300000, 0x00000000a5300000| Complete 
| 596|0x00000000a5400000, 0x00000000a5500000, 0x00000000a5500000|100%| E|CS|TAMS 0x00000000a5400000, 0x00000000a5400000| Complete 
| 597|0x00000000a5500000, 0x00000000a5600000, 0x00000000a5600000|100%| E|CS|TAMS 0x00000000a5500000, 0x00000000a5500000| Complete 
| 598|0x00000000a5600000, 0x00000000a5700000, 0x00000000a5700000|100%| E|CS|TAMS 0x00000000a5600000, 0x00000000a5600000| Complete 
| 599|0x00000000a5700000, 0x00000000a5800000, 0x00000000a5800000|100%| E|CS|TAMS 0x00000000a5700000, 0x00000000a5700000| Complete 
| 600|0x00000000a5800000, 0x00000000a5900000, 0x00000000a5900000|100%| E|CS|TAMS 0x00000000a5800000, 0x00000000a5800000| Complete 
| 601|0x00000000a5900000, 0x00000000a5a00000, 0x00000000a5a00000|100%| E|CS|TAMS 0x00000000a5900000, 0x00000000a5900000| Complete 
| 602|0x00000000a5a00000, 0x00000000a5b00000, 0x00000000a5b00000|100%| E|CS|TAMS 0x00000000a5a00000, 0x00000000a5a00000| Complete 
| 603|0x00000000a5b00000, 0x00000000a5c00000, 0x00000000a5c00000|100%| E|CS|TAMS 0x00000000a5b00000, 0x00000000a5b00000| Complete 
| 604|0x00000000a5c00000, 0x00000000a5d00000, 0x00000000a5d00000|100%| E|CS|TAMS 0x00000000a5c00000, 0x00000000a5c00000| Complete 
| 605|0x00000000a5d00000, 0x00000000a5e00000, 0x00000000a5e00000|100%| E|CS|TAMS 0x00000000a5d00000, 0x00000000a5d00000| Complete 
| 606|0x00000000a5e00000, 0x00000000a5f00000, 0x00000000a5f00000|100%| E|CS|TAMS 0x00000000a5e00000, 0x00000000a5e00000| Complete 
| 607|0x00000000a5f00000, 0x00000000a6000000, 0x00000000a6000000|100%| E|CS|TAMS 0x00000000a5f00000, 0x00000000a5f00000| Complete 
| 608|0x00000000a6000000, 0x00000000a6100000, 0x00000000a6100000|100%| E|CS|TAMS 0x00000000a6000000, 0x00000000a6000000| Complete 
| 609|0x00000000a6100000, 0x00000000a6200000, 0x00000000a6200000|100%| E|CS|TAMS 0x00000000a6100000, 0x00000000a6100000| Complete 
| 610|0x00000000a6200000, 0x00000000a6300000, 0x00000000a6300000|100%| E|CS|TAMS 0x00000000a6200000, 0x00000000a6200000| Complete 

Card table byte_map: [0x0000020ac7210000,0x0000020ac7610000] _byte_map_base: 0x0000020ac6e10000

Marking Bits (Prev, Next): (CMBitMap*) 0x0000020ab463cb50, (CMBitMap*) 0x0000020ab463cb90
 Prev Bits: [0x0000020ac7a10000, 0x0000020ac9a10000)
 Next Bits: [0x0000020ac9a10000, 0x0000020acba10000)

Polling page: 0x0000020ab2560000

Metaspace:

Usage:
  Non-class:    108.49 MB used.
      Class:     16.78 MB used.
       Both:    125.26 MB used.

Virtual space:
  Non-class space:      128.00 MB reserved,     108.94 MB ( 85%) committed,  2 nodes.
      Class space:        1.00 GB reserved,      17.19 MB (  2%) committed,  1 nodes.
             Both:        1.12 GB reserved,     126.12 MB ( 11%) committed. 

Chunk freelists:
   Non-Class:  2.97 MB
       Class:  14.76 MB
        Both:  17.73 MB

MaxMetaspaceSize: unlimited
CompressedClassSpaceSize: 1.00 GB
Initial GC threshold: 21.00 MB
Current GC threshold: 192.00 MB
CDS: off
MetaspaceReclaimPolicy: balanced
 - commit_granule_bytes: 65536.
 - commit_granule_words: 8192.
 - virtual_space_node_default_size: 8388608.
 - enlarge_chunks_in_place: 1.
 - new_chunks_are_fully_committed: 0.
 - uncommit_free_chunks: 1.
 - use_allocation_guard: 0.
 - handle_deallocations: 1.


Internal statistics:

num_allocs_failed_limit: 6.
num_arena_births: 1456.
num_arena_deaths: 0.
num_vsnodes_births: 3.
num_vsnodes_deaths: 0.
num_space_committed: 2016.
num_space_uncommitted: 0.
num_chunks_returned_to_freelist: 6.
num_chunks_taken_from_freelist: 6376.
num_chunk_merges: 6.
num_chunk_splits: 4141.
num_chunks_enlarged: 2732.
num_inconsistent_stats: 0.

CodeHeap 'non-profiled nmethods': size=120000Kb used=8332Kb max_used=8332Kb free=111667Kb
 bounds [0x0000020abf590000, 0x0000020abfdc0000, 0x0000020ac6ac0000]
CodeHeap 'profiled nmethods': size=120000Kb used=27684Kb max_used=27684Kb free=92315Kb
 bounds [0x0000020ab7ac0000, 0x0000020ab95d0000, 0x0000020abeff0000]
CodeHeap 'non-nmethods': size=5760Kb used=1782Kb max_used=1865Kb free=3977Kb
 bounds [0x0000020abeff0000, 0x0000020abf260000, 0x0000020abf590000]
 total_blobs=15239 nmethods=14350 adapters=801
 compilation: enabled
              stopped_count=0, restarted_count=0
 full_count=0

Compilation events (20 events):
Event: 97.063 Thread 0x0000020ace6e7bc0 17036       3       org.gradle.api.internal.provider.AbstractMinimalProvider::isPresent (8 bytes)
Event: 97.064 Thread 0x0000020ace6e7bc0 nmethod 17036 0x0000020ab95c8410 code [0x0000020ab95c85c0, 0x0000020ab95c8788]
Event: 97.081 Thread 0x0000020ace6e2010 nmethod 17004 0x0000020abfdaed10 code [0x0000020abfdaef40, 0x0000020abfdb06d0]
Event: 97.081 Thread 0x0000020ace6e2010 17034       4       com.google.common.collect.AbstractIndexedListIterator::hasNext (17 bytes)
Event: 97.082 Thread 0x0000020ace6e2010 nmethod 17034 0x0000020abfdb1290 code [0x0000020abfdb1400, 0x0000020abfdb1498]
Event: 97.082 Thread 0x0000020ace6e2010 17007   !   4       org.gradle.internal.resources.DefaultResourceLockCoordinationService::getCurrent (33 bytes)
Event: 97.083 Thread 0x0000020ace6e2010 nmethod 17007 0x0000020abfdb1590 code [0x0000020abfdb1700, 0x0000020abfdb1938]
Event: 97.084 Thread 0x0000020ace6e2010 17030       4       org.gradle.internal.execution.steps.ExecutionRequestContext::<init> (15 bytes)
Event: 97.086 Thread 0x0000020ace6e2010 nmethod 17030 0x0000020abfdb1a10 code [0x0000020abfdb1b80, 0x0000020abfdb1dd8]
Event: 97.086 Thread 0x0000020ace6e2010 17033       4       com.google.common.collect.ImmutableList::equals (6 bytes)
Event: 97.103 Thread 0x0000020ace6e2010 nmethod 17033 0x0000020abfdb1e90 code [0x0000020abfdb2060, 0x0000020abfdb2678]
Event: 97.103 Thread 0x0000020ace6e2010 17001       4       java.util.ArrayList::sort (45 bytes)
Event: 97.106 Thread 0x0000020ace6e2010 nmethod 17001 0x0000020abfdb2b10 code [0x0000020abfdb2cc0, 0x0000020abfdb2e68]
Event: 97.106 Thread 0x0000020ace6e2010 16950       4       org.gradle.internal.configuration.inputs.NoOpInputsListener::fileSystemEntryObserved (1 bytes)
Event: 97.106 Thread 0x0000020ace6e2010 nmethod 16950 0x0000020abfdb3090 code [0x0000020abfdb3200, 0x0000020abfdb3278]
Event: 100.475 Thread 0x0000020ace6e7bc0 17037       3       java.util.concurrent.ThreadPoolExecutor$Worker::lock (6 bytes)
Event: 100.476 Thread 0x0000020ace6e7bc0 nmethod 17037 0x0000020ab95c8810 code [0x0000020ab95c89a0, 0x0000020ab95c8ae8]
Event: 100.476 Thread 0x0000020ace6e7bc0 17038       3       java.util.concurrent.ThreadPoolExecutor$Worker::tryAcquire (20 bytes)
Event: 100.476 Thread 0x0000020ace6e7bc0 nmethod 17038 0x0000020ab95c8b90 code [0x0000020ab95c8d40, 0x0000020ab95c8f88]
Event: 100.799 Thread 0x0000020ace6e2010 17039   !   4       java.util.concurrent.LinkedBlockingQueue::poll (128 bytes)

GC Heap History (20 events):
Event: 75.618 GC heap before
{Heap before GC invocations=50 (full 0):
 garbage-first heap   total 296960K, used 230474K [0x0000000080000000, 0x0000000100000000)
  region size 1024K, 130 young (133120K), 2 survivors (2048K)
 Metaspace       used 102119K, committed 102912K, reserved 1179648K
  class space    used 14005K, committed 14400K, reserved 1048576K
}
Event: 75.629 GC heap after
{Heap after GC invocations=51 (full 0):
 garbage-first heap   total 296960K, used 103451K [0x0000000080000000, 0x0000000100000000)
  region size 1024K, 6 young (6144K), 6 survivors (6144K)
 Metaspace       used 102119K, committed 102912K, reserved 1179648K
  class space    used 14005K, committed 14400K, reserved 1048576K
}
Event: 80.810 GC heap before
{Heap before GC invocations=51 (full 0):
 garbage-first heap   total 296960K, used 240667K [0x0000000080000000, 0x0000000100000000)
  region size 1024K, 136 young (139264K), 6 survivors (6144K)
 Metaspace       used 112322K, committed 113088K, reserved 1179648K
  class space    used 15308K, committed 15680K, reserved 1048576K
}
Event: 80.832 GC heap after
{Heap after GC invocations=52 (full 0):
 garbage-first heap   total 296960K, used 113053K [0x0000000080000000, 0x0000000100000000)
  region size 1024K, 15 young (15360K), 15 survivors (15360K)
 Metaspace       used 112322K, committed 113088K, reserved 1179648K
  class space    used 15308K, committed 15680K, reserved 1048576K
}
Event: 84.758 GC heap before
{Heap before GC invocations=52 (full 0):
 garbage-first heap   total 296960K, used 239005K [0x0000000080000000, 0x0000000100000000)
  region size 1024K, 139 young (142336K), 15 survivors (15360K)
 Metaspace       used 114688K, committed 115456K, reserved 1179648K
  class space    used 15638K, committed 16000K, reserved 1048576K
}
Event: 84.796 GC heap after
{Heap after GC invocations=53 (full 0):
 garbage-first heap   total 296960K, used 122253K [0x0000000080000000, 0x0000000100000000)
  region size 1024K, 10 young (10240K), 10 survivors (10240K)
 Metaspace       used 114688K, committed 115456K, reserved 1179648K
  class space    used 15638K, committed 16000K, reserved 1048576K
}
Event: 86.807 GC heap before
{Heap before GC invocations=53 (full 0):
 garbage-first heap   total 296960K, used 242061K [0x0000000080000000, 0x0000000100000000)
  region size 1024K, 125 young (128000K), 10 survivors (10240K)
 Metaspace       used 116985K, committed 117824K, reserved 1179648K
  class space    used 15958K, committed 16384K, reserved 1048576K
}
Event: 86.861 GC heap after
{Heap after GC invocations=54 (full 0):
 garbage-first heap   total 296960K, used 147595K [0x0000000080000000, 0x0000000100000000)
  region size 1024K, 16 young (16384K), 16 survivors (16384K)
 Metaspace       used 116985K, committed 117824K, reserved 1179648K
  class space    used 15958K, committed 16384K, reserved 1048576K
}
Event: 88.418 GC heap before
{Heap before GC invocations=55 (full 0):
 garbage-first heap   total 296960K, used 232587K [0x0000000080000000, 0x0000000100000000)
  region size 1024K, 92 young (94208K), 16 survivors (16384K)
 Metaspace       used 117864K, committed 118656K, reserved 1179648K
  class space    used 16075K, committed 16448K, reserved 1048576K
}
Event: 88.463 GC heap after
{Heap after GC invocations=56 (full 0):
 garbage-first heap   total 296960K, used 161029K [0x0000000080000000, 0x0000000100000000)
  region size 1024K, 12 young (12288K), 12 survivors (12288K)
 Metaspace       used 117864K, committed 118656K, reserved 1179648K
  class space    used 16075K, committed 16448K, reserved 1048576K
}
Event: 88.520 GC heap before
{Heap before GC invocations=56 (full 0):
 garbage-first heap   total 296960K, used 162053K [0x0000000080000000, 0x0000000100000000)
  region size 1024K, 14 young (14336K), 12 survivors (12288K)
 Metaspace       used 118103K, committed 118912K, reserved 1179648K
  class space    used 16086K, committed 16448K, reserved 1048576K
}
Event: 88.540 GC heap after
{Heap after GC invocations=57 (full 0):
 garbage-first heap   total 296960K, used 160479K [0x0000000080000000, 0x0000000100000000)
  region size 1024K, 2 young (2048K), 2 survivors (2048K)
 Metaspace       used 118103K, committed 118912K, reserved 1179648K
  class space    used 16086K, committed 16448K, reserved 1048576K
}
Event: 89.857 GC heap before
{Heap before GC invocations=57 (full 0):
 garbage-first heap   total 296960K, used 259807K [0x0000000080000000, 0x0000000100000000)
  region size 1024K, 70 young (71680K), 2 survivors (2048K)
 Metaspace       used 122667K, committed 123520K, reserved 1179648K
  class space    used 16581K, committed 17024K, reserved 1048576K
}
Event: 89.864 GC heap after
{Heap after GC invocations=58 (full 0):
 garbage-first heap   total 296960K, used 162836K [0x0000000080000000, 0x0000000100000000)
  region size 1024K, 5 young (5120K), 5 survivors (5120K)
 Metaspace       used 122667K, committed 123520K, reserved 1179648K
  class space    used 16581K, committed 17024K, reserved 1048576K
}
Event: 90.360 GC heap before
{Heap before GC invocations=58 (full 0):
 garbage-first heap   total 296960K, used 233492K [0x0000000080000000, 0x0000000100000000)
  region size 1024K, 75 young (76800K), 5 survivors (5120K)
 Metaspace       used 123981K, committed 124864K, reserved 1179648K
  class space    used 16721K, committed 17152K, reserved 1048576K
}
Event: 90.373 GC heap after
{Heap after GC invocations=59 (full 0):
 garbage-first heap   total 296960K, used 170487K [0x0000000080000000, 0x0000000100000000)
  region size 1024K, 10 young (10240K), 10 survivors (10240K)
 Metaspace       used 123981K, committed 124864K, reserved 1179648K
  class space    used 16721K, committed 17152K, reserved 1048576K
}
Event: 91.058 GC heap before
{Heap before GC invocations=59 (full 0):
 garbage-first heap   total 296960K, used 238071K [0x0000000080000000, 0x0000000100000000)
  region size 1024K, 76 young (77824K), 10 survivors (10240K)
 Metaspace       used 125704K, committed 126592K, reserved 1179648K
  class space    used 16875K, committed 17344K, reserved 1048576K
}
Event: 91.083 GC heap after
{Heap after GC invocations=60 (full 0):
 garbage-first heap   total 625664K, used 170188K [0x0000000080000000, 0x0000000100000000)
  region size 1024K, 5 young (5120K), 5 survivors (5120K)
 Metaspace       used 125704K, committed 126592K, reserved 1179648K
  class space    used 16875K, committed 17344K, reserved 1048576K
}
Event: 96.355 GC heap before
{Heap before GC invocations=60 (full 0):
 garbage-first heap   total 625664K, used 426188K [0x0000000080000000, 0x0000000100000000)
  region size 1024K, 256 young (262144K), 5 survivors (5120K)
 Metaspace       used 128165K, committed 129088K, reserved 1179648K
  class space    used 17167K, committed 17600K, reserved 1048576K
}
Event: 96.484 GC heap after
{Heap after GC invocations=61 (full 0):
 garbage-first heap   total 625664K, used 180493K [0x0000000080000000, 0x0000000100000000)
  region size 1024K, 15 young (15360K), 15 survivors (15360K)
 Metaspace       used 128165K, committed 129088K, reserved 1179648K
  class space    used 17167K, committed 17600K, reserved 1048576K
}

Dll operation events (3 events):
Event: 0.174 Loaded shared library C:\Program Files\Android\Android Studio\jbr\bin\java.dll
Event: 0.858 Loaded shared library C:\Program Files\Android\Android Studio\jbr\bin\zip.dll
Event: 4.063 Loaded shared library C:\Program Files\Android\Android Studio\jbr\bin\verify.dll

Deoptimization events (20 events):
Event: 94.345 Thread 0x0000020ade12ca80 Uncommon trap: trap_request=0xffffffc6 fr.pc=0x0000020abf7a0128 relative=0x0000000000000108
Event: 94.345 Thread 0x0000020ade12ca80 Uncommon trap: reason=bimorphic_or_optimized_type_check action=maybe_recompile pc=0x0000020abf7a0128 method=com.google.common.collect.RegularImmutableMap.checkNoConflictInKeyBucket(Ljava/lang/Object;Ljava/lang/Object;Lcom/google/common/collect/ImmutableMa
Event: 94.345 Thread 0x0000020ade12ca80 DEOPT PACKING pc=0x0000020abf7a0128 sp=0x000000e4a76fd480
Event: 94.345 Thread 0x0000020ade12ca80 DEOPT UNPACKING pc=0x0000020abf0469a3 sp=0x000000e4a76fd428 mode 2
Event: 95.584 Thread 0x0000020ade12e8e0 Uncommon trap: trap_request=0xffffffde fr.pc=0x0000020abfd0e41c relative=0x00000000000000fc
Event: 95.584 Thread 0x0000020ade12e8e0 Uncommon trap: reason=class_check action=maybe_recompile pc=0x0000020abfd0e41c method=org.gradle.internal.snapshot.SnapshotUtil$2.handleAsDescendantOfChild(Lorg/gradle/internal/snapshot/VfsRelativePath;Ljava/lang/Object;)Ljava/lang/Object; @ 3 c2
Event: 95.584 Thread 0x0000020ade12e8e0 DEOPT PACKING pc=0x0000020abfd0e41c sp=0x000000e4a74fb9e0
Event: 95.584 Thread 0x0000020ade12e8e0 DEOPT UNPACKING pc=0x0000020abf0469a3 sp=0x000000e4a74fb958 mode 2
Event: 95.584 Thread 0x0000020ade12e8e0 Uncommon trap: trap_request=0xffffffde fr.pc=0x0000020abfd0e9c0 relative=0x00000000000001a0
Event: 95.584 Thread 0x0000020ade12e8e0 Uncommon trap: reason=class_check action=maybe_recompile pc=0x0000020abfd0e9c0 method=org.gradle.internal.snapshot.AbstractIncompleteFileSystemNode.store(Lorg/gradle/internal/snapshot/VfsRelativePath;Lorg/gradle/internal/snapshot/CaseSensitivity;Lorg/grad
Event: 95.584 Thread 0x0000020ade12e8e0 DEOPT PACKING pc=0x0000020abfd0e9c0 sp=0x000000e4a74fae30
Event: 95.584 Thread 0x0000020ade12e8e0 DEOPT UNPACKING pc=0x0000020abf0469a3 sp=0x000000e4a74fadb8 mode 2
Event: 96.683 Thread 0x0000020ade12ca80 Uncommon trap: trap_request=0xffffffde fr.pc=0x0000020abfd0e41c relative=0x00000000000000fc
Event: 96.683 Thread 0x0000020ade12ca80 Uncommon trap: reason=class_check action=maybe_recompile pc=0x0000020abfd0e41c method=org.gradle.internal.snapshot.SnapshotUtil$2.handleAsDescendantOfChild(Lorg/gradle/internal/snapshot/VfsRelativePath;Ljava/lang/Object;)Ljava/lang/Object; @ 3 c2
Event: 96.683 Thread 0x0000020ade12ca80 DEOPT PACKING pc=0x0000020abfd0e41c sp=0x000000e4a76fbff0
Event: 96.683 Thread 0x0000020ade12ca80 DEOPT UNPACKING pc=0x0000020abf0469a3 sp=0x000000e4a76fbf68 mode 2
Event: 96.685 Thread 0x0000020ade12ca80 Uncommon trap: trap_request=0xffffffc6 fr.pc=0x0000020abf7a0128 relative=0x0000000000000108
Event: 96.685 Thread 0x0000020ade12ca80 Uncommon trap: reason=bimorphic_or_optimized_type_check action=maybe_recompile pc=0x0000020abf7a0128 method=com.google.common.collect.RegularImmutableMap.checkNoConflictInKeyBucket(Ljava/lang/Object;Ljava/lang/Object;Lcom/google/common/collect/ImmutableMa
Event: 96.685 Thread 0x0000020ade12ca80 DEOPT PACKING pc=0x0000020abf7a0128 sp=0x000000e4a76fd500
Event: 96.685 Thread 0x0000020ade12ca80 DEOPT UNPACKING pc=0x0000020abf0469a3 sp=0x000000e4a76fd4a8 mode 2

Classes unloaded (0 events):
No events

Classes redefined (0 events):
No events

Internal exceptions (20 events):
Event: 92.826 Thread 0x0000020ade12b640 Exception <a 'java/lang/NoSuchMethodError'{0x00000000a2be9ff8}: static Lcom/android/build/api/artifact/ArtifactKind;.<clinit>()V> (0x00000000a2be9ff8) 
thrown [s\src\hotspot\share\prims\jni.cpp, line 1127]
Event: 92.826 Thread 0x0000020ade12b640 Exception <a 'java/lang/NoSuchMethodError'{0x00000000a2beb1b8}: static Lcom/android/build/api/artifact/ArtifactKind;.<clinit>()V> (0x00000000a2beb1b8) 
thrown [s\src\hotspot\share\prims\jni.cpp, line 1127]
Event: 93.846 Thread 0x0000020ade12b640 Exception <a 'java/lang/NoSuchMethodError'{0x000000009f4a4150}: static Lcom/android/builder/internal/aapt/AaptOptions;.<clinit>()V> (0x000000009f4a4150) 
thrown [s\src\hotspot\share\prims\jni.cpp, line 1127]
Event: 93.852 Thread 0x0000020ade12b640 Exception <a 'java/lang/NoSuchMethodError'{0x000000009f4b97f8}: static Ljava/lang/Object;.<clinit>()V> (0x000000009f4b97f8) 
thrown [s\src\hotspot\share\prims\jni.cpp, line 1127]
Event: 93.859 Thread 0x0000020ade12b640 Exception <a 'java/lang/NoSuchMethodError'{0x000000009f4f6090}: static Lcom/android/build/api/variant/impl/SerializableApplicationMultiOutputHandler;.<clinit>()V> (0x000000009f4f6090) 
thrown [s\src\hotspot\share\prims\jni.cpp, line 1127]
Event: 93.863 Thread 0x0000020ade12b640 Exception <a 'java/lang/NoSuchMethodError'{0x000000009f30c938}: static Lcom/android/build/api/variant/impl/VariantOutputImpl$SerializedForm;.<clinit>()V> (0x000000009f30c938) 
thrown [s\src\hotspot\share\prims\jni.cpp, line 1127]
Event: 93.867 Thread 0x0000020ade12b640 Exception <a 'java/lang/NoSuchMethodError'{0x000000009f320f50}: static Lcom/android/build/api/variant/impl/VariantOutputConfigurationImpl;.<clinit>()V> (0x000000009f320f50) 
thrown [s\src\hotspot\share\prims\jni.cpp, line 1127]
Event: 93.938 Thread 0x0000020ade12ca80 Exception <a 'sun/nio/fs/WindowsException'{0x00000000a5cee588}> (0x00000000a5cee588) 
thrown [s\src\hotspot\share\prims\jni.cpp, line 531]
Event: 94.008 Thread 0x0000020ade12ca80 Exception <a 'java/lang/NoSuchMethodError'{0x000000009f07f238}: 'int java.lang.invoke.DirectMethodHandle$Holder.invokeSpecial(java.lang.Object, java.lang.Object, java.lang.Object, java.lang.Object, java.lang.Object)'> (0x000000009f07f238) 
thrown [s\src\hotspot\share\interpreter\linkResolver.cpp, line 771]
Event: 95.150 Thread 0x0000020adc957f90 Exception <a 'sun/nio/fs/WindowsException'{0x000000009aff9568}> (0x000000009aff9568) 
thrown [s\src\hotspot\share\prims\jni.cpp, line 531]
Event: 95.150 Thread 0x0000020adc957f90 Exception <a 'sun/nio/fs/WindowsException'{0x000000009aff99c8}> (0x000000009aff99c8) 
thrown [s\src\hotspot\share\prims\jni.cpp, line 531]
Event: 95.153 Thread 0x0000020adc957f90 Exception <a 'sun/nio/fs/WindowsException'{0x000000009affaa50}> (0x000000009affaa50) 
thrown [s\src\hotspot\share\prims\jni.cpp, line 531]
Event: 95.153 Thread 0x0000020adc957f90 Exception <a 'sun/nio/fs/WindowsException'{0x000000009affaea0}> (0x000000009affaea0) 
thrown [s\src\hotspot\share\prims\jni.cpp, line 531]
Event: 95.575 Thread 0x0000020ade12e8e0 Exception <a 'sun/nio/fs/WindowsException'{0x00000000a5b3ce58}> (0x00000000a5b3ce58) 
thrown [s\src\hotspot\share\prims\jni.cpp, line 531]
Event: 95.697 Thread 0x0000020adc957f90 Exception <a 'java/lang/NoSuchMethodError'{0x0000000099992f50}: 'void java.lang.invoke.DirectMethodHandle$Holder.invokeStatic(java.lang.Object, long)'> (0x0000000099992f50) 
thrown [s\src\hotspot\share\interpreter\linkResolver.cpp, line 771]
Event: 95.728 Thread 0x0000020adc957f90 Exception <a 'java/lang/NoSuchMethodError'{0x0000000098d018e0}: 'java.lang.Object java.lang.invoke.DirectMethodHandle$Holder.invokeStatic(java.lang.Object, java.lang.Object, long, java.lang.Object)'> (0x0000000098d018e0) 
thrown [s\src\hotspot\share\interpreter\linkResolver.cpp, line 771]
Event: 95.730 Thread 0x0000020adc957f90 Exception <a 'java/lang/NoSuchMethodError'{0x0000000098d05360}: 'java.lang.Object java.lang.invoke.DirectMethodHandle$Holder.invokeStaticInit(java.lang.Object, java.lang.Object, long, java.lang.Object)'> (0x0000000098d05360) 
thrown [s\src\hotspot\share\interpreter\linkResolver.cpp, line 771]
Event: 96.708 Thread 0x0000020ade12ca80 Exception <a 'sun/nio/fs/WindowsException'{0x00000000a5dec9b8}> (0x00000000a5dec9b8) 
thrown [s\src\hotspot\share\prims\jni.cpp, line 531]
Event: 96.710 Thread 0x0000020ade12ca80 Exception <a 'sun/nio/fs/WindowsException'{0x00000000a5deee60}> (0x00000000a5deee60) 
thrown [s\src\hotspot\share\prims\jni.cpp, line 531]
Event: 96.993 Thread 0x0000020ade12e8e0 Exception <a 'sun/nio/fs/WindowsException'{0x00000000a595be90}> (0x00000000a595be90) 
thrown [s\src\hotspot\share\prims\jni.cpp, line 531]

VM Operations (20 events):
Event: 92.636 Executing VM operation: Cleanup
Event: 92.637 Executing VM operation: Cleanup done
Event: 92.668 Executing VM operation: HandshakeAllThreads
Event: 92.669 Executing VM operation: HandshakeAllThreads done
Event: 92.671 Executing VM operation: HandshakeAllThreads
Event: 92.672 Executing VM operation: HandshakeAllThreads done
Event: 92.675 Executing VM operation: HandshakeAllThreads
Event: 92.676 Executing VM operation: HandshakeAllThreads done
Event: 93.684 Executing VM operation: Cleanup
Event: 93.684 Executing VM operation: Cleanup done
Event: 93.997 Executing VM operation: HandshakeAllThreads
Event: 93.998 Executing VM operation: HandshakeAllThreads done
Event: 95.005 Executing VM operation: Cleanup
Event: 95.006 Executing VM operation: Cleanup done
Event: 95.772 Executing VM operation: HandshakeAllThreads
Event: 95.774 Executing VM operation: HandshakeAllThreads done
Event: 96.353 Executing VM operation: G1CollectForAllocation
Event: 96.489 Executing VM operation: G1CollectForAllocation done
Event: 97.494 Executing VM operation: Cleanup
Event: 97.494 Executing VM operation: Cleanup done

Events (20 events):
Event: 92.678 loading class sun/nio/cs/Surrogate
Event: 92.678 loading class sun/nio/cs/Surrogate done
Event: 93.883 Thread 0x0000020ade1aef10 Thread added: 0x0000020ade1aef10
Event: 95.402 loading class java/util/concurrent/Executors$DelegatedScheduledExecutorService
Event: 95.408 loading class java/util/concurrent/Executors$DelegatedExecutorService
Event: 95.411 loading class java/util/concurrent/Executors$DelegatedExecutorService done
Event: 95.411 loading class java/util/concurrent/Executors$DelegatedScheduledExecutorService done
Event: 95.416 Thread 0x0000020ad72f04a0 Thread added: 0x0000020ad72f04a0
Event: 95.439 loading class java/lang/ProcessImpl
Event: 95.444 loading class java/lang/ProcessImpl done
Event: 95.703 loading class java/lang/ProcessHandleImpl
Event: 95.715 loading class java/lang/ProcessHandleImpl done
Event: 95.734 loading class java/lang/ProcessImpl$2
Event: 95.736 loading class java/lang/ProcessImpl$2 done
Event: 95.739 loading class java/lang/Process$PipeInputStream
Event: 95.740 loading class java/lang/Process$PipeInputStream done
Event: 95.775 loading class jdk/internal/event/ProcessStartEvent
Event: 95.787 loading class jdk/internal/event/ProcessStartEvent done
Event: 95.813 Thread 0x0000020adc21d5d0 Thread added: 0x0000020adc21d5d0
Event: 95.814 Thread 0x0000020add950010 Thread added: 0x0000020add950010


Dynamic libraries:
0x00007ff654e50000 - 0x00007ff654e5a000 	C:\Program Files\Android\Android Studio\jbr\bin\java.exe
0x00007ffbaaa30000 - 0x00007ffbaac28000 	C:\Windows\SYSTEM32\ntdll.dll
0x00007ffbaa280000 - 0x00007ffbaa342000 	C:\Windows\System32\KERNEL32.DLL
0x00007ffba81e0000 - 0x00007ffba84d7000 	C:\Windows\System32\KERNELBASE.dll
0x00007ffba8600000 - 0x00007ffba8700000 	C:\Windows\System32\ucrtbase.dll
0x00007ffb804e0000 - 0x00007ffb804f7000 	C:\Program Files\Android\Android Studio\jbr\bin\jli.dll
0x00007ffb84590000 - 0x00007ffb845ab000 	C:\Program Files\Android\Android Studio\jbr\bin\VCRUNTIME140.dll
0x00007ffba8c60000 - 0x00007ffba8e01000 	C:\Windows\System32\USER32.dll
0x00007ffba88b0000 - 0x00007ffba88d2000 	C:\Windows\System32\win32u.dll
0x00007ffbaa910000 - 0x00007ffbaa93b000 	C:\Windows\System32\GDI32.dll
0x00007ffba84e0000 - 0x00007ffba85f9000 	C:\Windows\System32\gdi32full.dll
0x00007ffba8810000 - 0x00007ffba88ad000 	C:\Windows\System32\msvcp_win.dll
0x00007ffb8f2f0000 - 0x00007ffb8f58b000 	C:\Windows\WinSxS\amd64_microsoft.windows.common-controls_6595b64144ccf1df_6.0.19041.6456_none_60b8a6cb71f64256\COMCTL32.dll
0x00007ffbaa950000 - 0x00007ffbaa9ee000 	C:\Windows\System32\msvcrt.dll
0x00007ffbaa4c0000 - 0x00007ffbaa4ef000 	C:\Windows\System32\IMM32.DLL
0x00007ffba2240000 - 0x00007ffba224c000 	C:\Program Files\Android\Android Studio\jbr\bin\vcruntime140_1.dll
0x00007ffb793b0000 - 0x00007ffb7943d000 	C:\Program Files\Android\Android Studio\jbr\bin\msvcp140.dll
0x00007ffb61e80000 - 0x00007ffb62b03000 	C:\Program Files\Android\Android Studio\jbr\bin\server\jvm.dll
0x00007ffbaa350000 - 0x00007ffbaa401000 	C:\Windows\System32\ADVAPI32.dll
0x00007ffba9a20000 - 0x00007ffba9abf000 	C:\Windows\System32\sechost.dll
0x00007ffbaa4f0000 - 0x00007ffbaa610000 	C:\Windows\System32\RPCRT4.dll
0x00007ffba81b0000 - 0x00007ffba81d7000 	C:\Windows\System32\bcrypt.dll
0x00007ffba7f10000 - 0x00007ffba7f5b000 	C:\Windows\SYSTEM32\POWRPROF.dll
0x00007ffba5e50000 - 0x00007ffba5e5a000 	C:\Windows\SYSTEM32\VERSION.dll
0x00007ffb91930000 - 0x00007ffb91957000 	C:\Windows\SYSTEM32\WINMM.dll
0x00007ffb8e960000 - 0x00007ffb8e969000 	C:\Windows\SYSTEM32\WSOCK32.dll
0x00007ffba9b50000 - 0x00007ffba9bbb000 	C:\Windows\System32\WS2_32.dll
0x00007ffba7ef0000 - 0x00007ffba7f02000 	C:\Windows\SYSTEM32\UMPDC.dll
0x00007ffba6880000 - 0x00007ffba6892000 	C:\Windows\SYSTEM32\kernel.appcore.dll
0x00007ffba22c0000 - 0x00007ffba22ca000 	C:\Program Files\Android\Android Studio\jbr\bin\jimage.dll
0x00007ffba5020000 - 0x00007ffba5221000 	C:\Windows\SYSTEM32\DBGHELP.DLL
0x00007ffb8ebc0000 - 0x00007ffb8ebf4000 	C:\Windows\SYSTEM32\dbgcore.DLL
0x00007ffba8780000 - 0x00007ffba8802000 	C:\Windows\System32\bcryptPrimitives.dll
0x00007ffb940c0000 - 0x00007ffb940ce000 	C:\Program Files\Android\Android Studio\jbr\bin\instrument.dll
0x00007ffb7d270000 - 0x00007ffb7d295000 	C:\Program Files\Android\Android Studio\jbr\bin\java.dll
0x00007ffb846a0000 - 0x00007ffb846b8000 	C:\Program Files\Android\Android Studio\jbr\bin\zip.dll
0x00007ffba9280000 - 0x00007ffba99f1000 	C:\Windows\System32\SHELL32.dll
0x00007ffba60c0000 - 0x00007ffba6866000 	C:\Windows\SYSTEM32\windows.storage.dll
0x00007ffba8e70000 - 0x00007ffba91c3000 	C:\Windows\System32\combase.dll
0x00007ffba7920000 - 0x00007ffba794b000 	C:\Windows\SYSTEM32\Wldp.dll
0x00007ffbaa1b0000 - 0x00007ffbaa27d000 	C:\Windows\System32\OLEAUT32.dll
0x00007ffbaa410000 - 0x00007ffbaa4bd000 	C:\Windows\System32\SHCORE.dll
0x00007ffbaa6a0000 - 0x00007ffbaa6fb000 	C:\Windows\System32\shlwapi.dll
0x00007ffba7fe0000 - 0x00007ffba8004000 	C:\Windows\SYSTEM32\profapi.dll
0x00007ffb83d00000 - 0x00007ffb83d19000 	C:\Program Files\Android\Android Studio\jbr\bin\net.dll
0x00007ffba0380000 - 0x00007ffba048a000 	C:\Windows\SYSTEM32\WINHTTP.dll
0x00007ffba7700000 - 0x00007ffba776a000 	C:\Windows\system32\mswsock.dll
0x00007ffb83460000 - 0x00007ffb83476000 	C:\Program Files\Android\Android Studio\jbr\bin\nio.dll
0x00007ffb94d90000 - 0x00007ffb94da0000 	C:\Program Files\Android\Android Studio\jbr\bin\verify.dll
0x00007ffb7ce80000 - 0x00007ffb7cea7000 	C:\Users\delfi\.gradle\native\c067742578af261105cb4f569cf0c3c89f3d7b1fecec35dd04571415982c5e48\windows-amd64\native-platform.dll
0x00007ffb6ad80000 - 0x00007ffb6aec4000 	C:\Users\delfi\.gradle\native\100fb08df4bc3b14c8652ba06237920a3bd2aa13389f12d3474272988ae205f9\windows-amd64\native-platform-file-events.dll
0x00007ffba1de0000 - 0x00007ffba1de9000 	C:\Program Files\Android\Android Studio\jbr\bin\management.dll
0x00007ffb9deb0000 - 0x00007ffb9debb000 	C:\Program Files\Android\Android Studio\jbr\bin\management_ext.dll
0x00007ffba9ac0000 - 0x00007ffba9ac8000 	C:\Windows\System32\PSAPI.DLL
0x00007ffba7960000 - 0x00007ffba7978000 	C:\Windows\SYSTEM32\CRYPTSP.dll
0x00007ffba7040000 - 0x00007ffba7078000 	C:\Windows\system32\rsaenh.dll
0x00007ffba7fa0000 - 0x00007ffba7fce000 	C:\Windows\SYSTEM32\USERENV.dll
0x00007ffba7890000 - 0x00007ffba789c000 	C:\Windows\SYSTEM32\CRYPTBASE.dll
0x00007ffba7400000 - 0x00007ffba743b000 	C:\Windows\SYSTEM32\IPHLPAPI.DLL
0x00007ffba8aa0000 - 0x00007ffba8aa8000 	C:\Windows\System32\NSI.dll
0x00007ffba0c60000 - 0x00007ffba0c77000 	C:\Windows\SYSTEM32\dhcpcsvc6.DLL
0x00007ffba1b50000 - 0x00007ffba1b6d000 	C:\Windows\SYSTEM32\dhcpcsvc.DLL
0x00007ffba7440000 - 0x00007ffba750a000 	C:\Windows\SYSTEM32\DNSAPI.dll
0x00007ffba1e40000 - 0x00007ffba1e49000 	C:\Program Files\Android\Android Studio\jbr\bin\extnet.dll
0x00007ffb46950000 - 0x00007ffb46957000 	C:\Windows\system32\wshunix.dll
0x0000000065450000 - 0x0000000065476000 	C:\Program Files\Bonjour\mdnsNSP.dll
0x00007ffb91bc0000 - 0x00007ffb91bca000 	C:\Windows\System32\rasadhlp.dll
0x00007ffb9d560000 - 0x00007ffb9d5e0000 	C:\Windows\System32\fwpuclnt.dll
0x00007ffb3d370000 - 0x00007ffb3d387000 	C:\Windows\system32\napinsp.dll
0x00007ffb3d390000 - 0x00007ffb3d3ab000 	C:\Windows\system32\pnrpnsp.dll
0x00007ffb82460000 - 0x00007ffb8247d000 	C:\Windows\system32\wshbth.dll
0x00007ffba2110000 - 0x00007ffba212d000 	C:\Windows\system32\NLAapi.dll
0x00007ffb3e520000 - 0x00007ffb3e532000 	C:\Windows\System32\winrnr.dll
0x00007ffba7290000 - 0x00007ffba72c3000 	C:\Windows\SYSTEM32\ntmarta.dll

dbghelp: loaded successfully - version: 4.0.5 - missing functions: none
symbol engine: initialized successfully - sym options: 0x614 - pdb path: .;C:\Program Files\Android\Android Studio\jbr\bin;C:\Windows\SYSTEM32;C:\Windows\WinSxS\amd64_microsoft.windows.common-controls_6595b64144ccf1df_6.0.19041.6456_none_60b8a6cb71f64256;C:\Program Files\Android\Android Studio\jbr\bin\server;C:\Users\delfi\.gradle\native\c067742578af261105cb4f569cf0c3c89f3d7b1fecec35dd04571415982c5e48\windows-amd64;C:\Users\delfi\.gradle\native\100fb08df4bc3b14c8652ba06237920a3bd2aa13389f12d3474272988ae205f9\windows-amd64;C:\Program Files\Bonjour

VM Arguments:
jvm_args: --add-opens=java.base/java.util=ALL-UNNAMED --add-opens=java.base/java.lang=ALL-UNNAMED --add-opens=java.base/java.lang.invoke=ALL-UNNAMED --add-opens=java.prefs/java.util.prefs=ALL-UNNAMED --add-exports=jdk.compiler/com.sun.tools.javac.api=ALL-UNNAMED --add-exports=jdk.compiler/com.sun.tools.javac.util=ALL-UNNAMED --add-opens=java.base/java.nio.charset=ALL-UNNAMED --add-opens=java.base/java.net=ALL-UNNAMED --add-opens=java.base/java.util.concurrent.atomic=ALL-UNNAMED -Xmx2048m -Dfile.encoding=UTF-8 -Duser.country=AR -Duser.language=es -Duser.variant -javaagent:C:\Users\delfi\.gradle\wrapper\dists\gradle-8.10-bin\deqhafrv1ntovfmgh0nh3npr9\gradle-8.10\lib\agents\gradle-instrumentation-agent-8.10.jar 
java_command: org.gradle.launcher.daemon.bootstrap.GradleDaemon 8.10
java_class_path (initial): C:\Users\delfi\.gradle\wrapper\dists\gradle-8.10-bin\deqhafrv1ntovfmgh0nh3npr9\gradle-8.10\lib\gradle-daemon-main-8.10.jar
Launcher Type: SUN_STANDARD

[Global flags]
     intx CICompilerCount                          = 4                                         {product} {ergonomic}
     uint ConcGCThreads                            = 2                                         {product} {ergonomic}
     uint G1ConcRefinementThreads                  = 8                                         {product} {ergonomic}
   size_t G1HeapRegionSize                         = 1048576                                   {product} {ergonomic}
    uintx GCDrainStackTargetSize                   = 64                                        {product} {ergonomic}
   size_t InitialHeapSize                          = 67108864                                  {product} {ergonomic}
   size_t MarkStackSize                            = 4194304                                   {product} {ergonomic}
   size_t MaxHeapSize                              = 2147483648                                {product} {command line}
   size_t MaxNewSize                               = 1287651328                                {product} {ergonomic}
   size_t MinHeapDeltaBytes                        = 1048576                                   {product} {ergonomic}
   size_t MinHeapSize                              = 8388608                                   {product} {ergonomic}
    uintx NonNMethodCodeHeapSize                   = 5839372                                {pd product} {ergonomic}
    uintx NonProfiledCodeHeapSize                  = 122909434                              {pd product} {ergonomic}
    uintx ProfiledCodeHeapSize                     = 122909434                              {pd product} {ergonomic}
    uintx ReservedCodeCacheSize                    = 251658240                              {pd product} {ergonomic}
     bool SegmentedCodeCache                       = true                                      {product} {ergonomic}
   size_t SoftMaxHeapSize                          = 2147483648                             {manageable} {ergonomic}
     bool UseCompressedClassPointers               = true                           {product lp64_product} {ergonomic}
     bool UseCompressedOops                        = true                           {product lp64_product} {ergonomic}
     bool UseG1GC                                  = true                                      {product} {ergonomic}
     bool UseLargePagesIndividualAllocation        = false                                  {pd product} {ergonomic}

Logging:
Log output configuration:
 #0: stdout all=warning uptime,level,tags
 #1: stderr all=off uptime,level,tags

Environment Variables:
PATH=C:\Program Files\Common Files\Oracle\Java\javapath;C:\Windows\system32;C:\Windows;C:\Windows\System32\Wbem;C:\Windows\System32\WindowsPowerShell\v1.0\;C:\Windows\System32\OpenSSH\;C:\Users\delfi\OneDrive\Escritorio\GHDL\bin;C:\Users\delfi\OneDrive\Escritorio\gtkwave64\bin;C:\Program Files\nodejs\;C:\Users\delfi\Downloads\MinGW\bin;C:\Program Files\Git\cmd;C:\Users\delfi\AppData\Local\Programs\Python\Python312;C:\Users\delfi\AppData\Local\Programs\Python\Python312\Scripts;C:\Users\delfi\OneDrive\Escritorio\digi2\gnuwin32\bin;C:\Users\delfi\OneDrive\Escritorio\digi2\xpack-openocd-0.12.0-4\bin;C:\13_3_rel1\bin;C:\ST-LINK_Utility;C:\Program Files\PuTTY\;C:\Program Files\Java\jdk-24\bin;;C:\Program Files\Docker\Docker\resources\bin;C:\Users\delfi\AppData\Local\Programs\Python\Python312\Scripts\;C:\Users\delfi\AppData\Local\Programs\Python\Python312\;C:\Users\delfi\AppData\Local\Microsoft\WindowsApps;C:\Users\delfi\AppData\Local\Programs\Microsoft VS Code\bin;C:\Users\delfi\AppData\Roaming\npm;
USERNAME=delfi
OS=Windows_NT
PROCESSOR_IDENTIFIER=Intel64 Family 6 Model 142 Stepping 12, GenuineIntel
TMP=C:\Users\delfi\AppData\Local\Temp
TEMP=C:\Users\delfi\AppData\Local\Temp



Periodic native trim disabled

JNI global refs:
JNI global refs: 26, weak refs: 1

JNI global refs memory usage: 843, weak refs: 841

Process memory usage:
Resident Set Size: 252544K (6% of 4077784K total physical memory with 475740K free physical memory)

OOME stack traces (most recent first):
Classloader memory used:
Loader org.gradle.internal.classloader.VisitableURLClassLoader                         : 5163K
Loader org.gradle.internal.classloader.VisitableURLClassLoader$InstrumentingVisitableURLClassLoader: 5040K
Loader bootstrap                                                                       : 3892K
Loader org.gradle.initialization.MixInLegacyTypesClassLoader                           : 1638K
Loader jdk.internal.reflect.DelegatingClassLoader                                      : 112K
Loader jdk.internal.loader.ClassLoaders$PlatformClassLoader                            : 108K
Loader org.gradle.internal.classloader.VisitableURLClassLoader                         : 49814B
Loader jdk.internal.loader.ClassLoaders$AppClassLoader                                 : 29280B
Loader sun.reflect.misc.MethodUtil                                                     : 373B


[error occurred during error reporting (Classloader stats), id 0xe0000001, Out of Memory Error (s\src\hotspot\share\memory\arena.cpp:79)]


---------------  S Y S T E M  ---------------

OS:
 Windows 10 , 64 bit Build 19041 (10.0.19041.6807)
OS uptime: 7 days 0:44 hours
Hyper-V role detected

CPU: total 8 (initial active 8) (4 cores per cpu, 2 threads per core) family 6 model 142 stepping 12 microcode 0xca, cx8, cmov, fxsr, ht, mmx, 3dnowpref, sse, sse2, sse3, ssse3, sse4.1, sse4.2, popcnt, lzcnt, tsc, tscinvbit, avx, avx2, aes, erms, clmul, bmi1, bmi2, adx, fma, vzeroupper, clflush, clflushopt, hv
Processor Information for all 8 processors :
  Max Mhz: 1800, Current Mhz: 1600, Mhz Limit: 1584

Memory: 4k page, system-wide physical 3982M (463M free)
TotalPageFile size 16270M (AvailPageFile size 0M)
current process WorkingSet (physical memory assigned to process): 251M, peak: 470M
current process commit charge ("private bytes"): 965M, peak: 980M

vm_info: OpenJDK 64-Bit Server VM (17.0.11+0--11852314) for windows-amd64 JRE (17.0.11+0--11852314), built on May 16 2024 21:29:20 by "androidbuild" with MS VC++ 16.10 / 16.11 (VS2019)

END.
